timestamp_utc,resource_type,url,status_code,bytes_downloaded,local_path,notes
2026-05-01T21:21:08.861907+00:00,robots,https://kentclarkcenter.org/robots.txt,cache,177,/Users/pradyu/Documents/New project 4/data/raw/robots/robots.txt,reused cached raw response
2026-05-01T21:21:08.862156+00:00,sitemap,https://kentclarkcenter.org/survey-sitemap.xml,cache,165934,/Users/pradyu/Documents/New project 4/data/raw/sitemap/survey-sitemap.xml,reused cached raw response
2026-05-01T21:21:08.863625+00:00,sitemap,https://kentclarkcenter.org/survey-special-sitemap.xml,cache,11477,/Users/pradyu/Documents/New project 4/data/raw/sitemap/survey-special-sitemap.xml,reused cached raw response
2026-05-01T21:21:08.863886+00:00,api,https://kentclarkcenter.org/wp-json/wp/v2/categories?per_page=100&page=1,cache,343985,/Users/pradyu/Documents/New project 4/data/raw/api/categories-page-1.json,reused cached raw response
2026-05-01T21:21:08.864880+00:00,api,https://kentclarkcenter.org/wp-json/wp/v2/categories?per_page=100&page=2,cache,2,/Users/pradyu/Documents/New project 4/data/raw/api/categories-page-2.json,reused cached raw response
2026-05-01T21:21:08.865043+00:00,page,https://kentclarkcenter.org/surveys/board-quotas-for-women/,cache,406922,/Users/pradyu/Documents/New project 4/data/raw/page/board-quotas-for-women.html,reused cached raw response
2026-05-01T21:21:08.932056+00:00,csv,https://kentclarkcenter.org/wp-content/uploads/2020/09/2017-11-28-Euro-EEP-Board-Quotas-for-Women.csv,cache,6380,/Users/pradyu/Documents/New project 4/data/raw/csv/europe-board-quotas-for-women.csv,reused cached raw response
2026-05-01T21:21:08.933349+00:00,page,https://kentclarkcenter.org/surveys/china-europe-trade/,cache,517821,/Users/pradyu/Documents/New project 4/data/raw/page/china-europe-trade.html,reused cached raw response
2026-05-01T21:21:09.022318+00:00,csv,https://kentclarkcenter.org/wp-content/uploads/2020/09/2018-04-12-Euro-EEP-China-Europe-Trade.csv,cache,7250,/Users/pradyu/Documents/New project 4/data/raw/csv/europe-china-europe-trade.csv,reused cached raw response
2026-05-01T21:21:09.023760+00:00,page,https://kentclarkcenter.org/surveys/corporate-tax-rate-harmonization/,cache,370777,/Users/pradyu/Documents/New project 4/data/raw/page/corporate-tax-rate-harmonization.html,reused cached raw response
2026-05-01T21:21:09.077926+00:00,csv,https://kentclarkcenter.org/wp-content/uploads/2020/09/2017-12-20-Euro-EEP-Corporate-Tax-Rate-Harmonization.csv,cache,5790,/Users/pradyu/Documents/New project 4/data/raw/csv/europe-corporate-tax-rate-harmonization.csv,reused cached raw response
2026-05-01T21:21:09.079045+00:00,page,https://kentclarkcenter.org/surveys/digital-sales-tax/,cache,379891,/Users/pradyu/Documents/New project 4/data/raw/page/digital-sales-tax.html,reused cached raw response
2026-05-01T21:21:09.135012+00:00,csv,https://kentclarkcenter.org/wp-content/uploads/2020/09/2018-05-30-Euro-EEP-Digital-Sales-Tax.csv,cache,5344,/Users/pradyu/Documents/New project 4/data/raw/csv/europe-digital-sales-tax.csv,reused cached raw response
2026-05-01T21:21:09.136311+00:00,page,https://kentclarkcenter.org/surveys/ecb-asset-purchases/,cache,407118,/Users/pradyu/Documents/New project 4/data/raw/page/ecb-asset-purchases.html,reused cached raw response
2026-05-01T21:21:09.199332+00:00,csv,https://kentclarkcenter.org/wp-content/uploads/2020/09/2017-04-25-Euro-EEP-ECB-Asset-Purchases.csv,cache,6949,/Users/pradyu/Documents/New project 4/data/raw/csv/europe-ecb-asset-purchases.csv,reused cached raw response
2026-05-01T21:21:09.200472+00:00,page,https://kentclarkcenter.org/surveys/energy-sources/,cache,484853,/Users/pradyu/Documents/New project 4/data/raw/page/energy-sources.html,reused cached raw response
2026-05-01T21:21:09.279205+00:00,csv,https://kentclarkcenter.org/wp-content/uploads/2020/09/2017-11-09-Euro-EEP-Energy-Sources.csv,cache,6822,/Users/pradyu/Documents/New project 4/data/raw/csv/europe-energy-sources.csv,reused cached raw response
2026-05-01T21:21:09.280622+00:00,page,https://kentclarkcenter.org/surveys/european-champions/,cache,405843,/Users/pradyu/Documents/New project 4/data/raw/page/european-champions.html,reused cached raw response
2026-05-01T21:21:09.344391+00:00,csv,https://kentclarkcenter.org/wp-content/uploads/2020/09/2019-02-27-Euro-EEP-European-Champions.csv,cache,5992,/Users/pradyu/Documents/New project 4/data/raw/csv/europe-european-champions.csv,reused cached raw response
2026-05-01T21:21:09.345506+00:00,page,https://kentclarkcenter.org/surveys/european-deposit-insurance/,cache,402217,/Users/pradyu/Documents/New project 4/data/raw/page/european-deposit-insurance.html,reused cached raw response
2026-05-01T21:21:09.405645+00:00,csv,https://kentclarkcenter.org/wp-content/uploads/2020/09/2019-04-09-Euro-EEP-European-Deposit-Insurance.csv,cache,5159,/Users/pradyu/Documents/New project 4/data/raw/csv/europe-european-deposit-insurance.csv,reused cached raw response
2026-05-01T21:21:09.406769+00:00,page,https://kentclarkcenter.org/surveys/fed-strategy/,cache,279384,/Users/pradyu/Documents/New project 4/data/raw/page/fed-strategy.html,reused cached raw response
2026-05-01T21:21:09.444741+00:00,csv,https://kentclarkcenter.org/wp-content/uploads/2020/09/2020-09-16-US-EEP-Fed-Strategy.csv,cache,3630,/Users/pradyu/Documents/New project 4/data/raw/csv/us-fed-strategy.csv,reused cached raw response
2026-05-01T21:21:09.445380+00:00,page,https://kentclarkcenter.org/surveys/frances-labor-market/,cache,416239,/Users/pradyu/Documents/New project 4/data/raw/page/frances-labor-market.html,reused cached raw response
2026-05-01T21:21:09.508162+00:00,csv,https://kentclarkcenter.org/wp-content/uploads/2020/09/2017-05-17-Euro-EEP-Frances-Labor-Market.csv,cache,8063,/Users/pradyu/Documents/New project 4/data/raw/csv/europe-frances-labor-market.csv,reused cached raw response
2026-05-01T21:21:09.509342+00:00,page,https://kentclarkcenter.org/surveys/gentrification/,cache,290271,/Users/pradyu/Documents/New project 4/data/raw/page/gentrification.html,reused cached raw response
2026-05-01T21:21:09.550031+00:00,csv,https://kentclarkcenter.org/wp-content/uploads/2020/09/2019-04-30-Euro-EEP-Gentrification.csv,cache,2934,/Users/pradyu/Documents/New project 4/data/raw/csv/europe-gentrification.csv,reused cached raw response
2026-05-01T21:21:09.550731+00:00,page,https://kentclarkcenter.org/surveys/german-and-european-economic-policy/,cache,489018,/Users/pradyu/Documents/New project 4/data/raw/page/german-and-european-economic-policy.html,reused cached raw response
2026-05-01T21:21:09.633740+00:00,csv,https://kentclarkcenter.org/wp-content/uploads/2020/09/2020-02-24-Euro-EEP-German-and-European-Economic-Policy.csv,cache,7851,/Users/pradyu/Documents/New project 4/data/raw/csv/europe-german-and-european-economic-policy.csv,reused cached raw response
2026-05-01T21:21:09.635167+00:00,page,https://kentclarkcenter.org/surveys/governments-and-economic-performance/,cache,291643,/Users/pradyu/Documents/New project 4/data/raw/page/governments-and-economic-performance.html,reused cached raw response
2026-05-01T21:21:09.672500+00:00,csv,https://kentclarkcenter.org/wp-content/uploads/2020/09/2018-10-02-Euro-EEP-Governments-and-Economic-Performances.csv,cache,3339,/Users/pradyu/Documents/New project 4/data/raw/csv/europe-governments-and-economic-performance.csv,reused cached raw response
2026-05-01T21:21:09.673198+00:00,page,https://kentclarkcenter.org/surveys/immigration-and-government-budgets/,cache,289503,/Users/pradyu/Documents/New project 4/data/raw/page/immigration-and-government-budgets.html,reused cached raw response
2026-05-01T21:21:09.711707+00:00,csv,https://kentclarkcenter.org/wp-content/uploads/2020/09/2018-11-07-Euro-EEP-Immigration-and-Government-Budgets.csv,cache,3699,/Users/pradyu/Documents/New project 4/data/raw/csv/europe-immigration-and-government-budgets.csv,reused cached raw response
2026-05-01T21:21:09.712416+00:00,page,https://kentclarkcenter.org/surveys/italys-banks/,cache,428449,/Users/pradyu/Documents/New project 4/data/raw/page/italys-banks.html,reused cached raw response
2026-05-01T21:21:09.780325+00:00,csv,https://kentclarkcenter.org/wp-content/uploads/2020/09/2016-12-21-Euro-EEP-Italys-Banks.csv,cache,9398,/Users/pradyu/Documents/New project 4/data/raw/csv/europe-italys-banks.csv,reused cached raw response
2026-05-01T21:21:09.781532+00:00,page,https://kentclarkcenter.org/surveys/migration-within-europe/,cache,429940,/Users/pradyu/Documents/New project 4/data/raw/page/migration-within-europe.html,reused cached raw response
2026-05-01T21:21:09.849306+00:00,csv,https://kentclarkcenter.org/wp-content/uploads/2016/12/2016-12-07-Euro-EEP-Migration-within-Europe.csv,cache,7423,/Users/pradyu/Documents/New project 4/data/raw/csv/europe-migration-within-europe.csv,reused cached raw response
2026-05-01T21:21:09.850443+00:00,page,https://kentclarkcenter.org/surveys/privatization-in-central-and-eastern-europe/,cache,302498,/Users/pradyu/Documents/New project 4/data/raw/page/privatization-in-central-and-eastern-europe.html,reused cached raw response
2026-05-01T21:21:09.892338+00:00,csv,https://kentclarkcenter.org/wp-content/uploads/2016/12/2016-12-07-Euro-EEP-Privatization-in-Central-and-Eastern-Europe.csv,cache,3576,/Users/pradyu/Documents/New project 4/data/raw/csv/europe-privatization-in-central-and-eastern-europe.csv,reused cached raw response
2026-05-01T21:21:09.893099+00:00,page,https://kentclarkcenter.org/surveys/public-spending-on-the-arts/,cache,391584,/Users/pradyu/Documents/New project 4/data/raw/page/public-spending-on-the-arts.html,reused cached raw response
2026-05-01T21:21:09.955896+00:00,csv,https://kentclarkcenter.org/wp-content/uploads/2020/09/2019-03-20-Euro-EEP-Public-Spending-on-the-Arts.csv,cache,4686,/Users/pradyu/Documents/New project 4/data/raw/csv/europe-public-spending-on-the-arts.csv,reused cached raw response
2026-05-01T21:21:09.957044+00:00,page,https://kentclarkcenter.org/surveys/research-and-development/,cache,390090,/Users/pradyu/Documents/New project 4/data/raw/page/research-and-development.html,reused cached raw response
2026-05-01T21:21:10.016635+00:00,csv,https://kentclarkcenter.org/wp-content/uploads/2020/09/2019-11-15-Euro-EEP-Research-and-Development.csv,cache,4613,/Users/pradyu/Documents/New project 4/data/raw/csv/europe-research-and-development.csv,reused cached raw response
2026-05-01T21:21:10.017937+00:00,page,https://kentclarkcenter.org/surveys/ride-sharing/,cache,529554,/Users/pradyu/Documents/New project 4/data/raw/page/ride-sharing.html,reused cached raw response
2026-05-01T21:21:10.116788+00:00,csv,https://kentclarkcenter.org/wp-content/uploads/2020/09/2017-06-07-Euro-EEP-Ride-Sharing.csv,cache,10155,/Users/pradyu/Documents/New project 4/data/raw/csv/europe-ride-sharing.csv,reused cached raw response
2026-05-01T21:21:10.118546+00:00,page,https://kentclarkcenter.org/surveys/social-responsibility/,cache,413488,/Users/pradyu/Documents/New project 4/data/raw/page/social-responsibility.html,reused cached raw response
2026-05-01T21:21:10.186700+00:00,csv,https://kentclarkcenter.org/wp-content/uploads/2020/09/2019-01-17-Euro-EEP-Social-Responsibility.csv,cache,6984,/Users/pradyu/Documents/New project 4/data/raw/csv/europe-social-responsibility.csv,reused cached raw response
2026-05-01T21:21:10.188050+00:00,page,https://kentclarkcenter.org/surveys/supporting-european-businesses-in-the-covid-19-crisis/,cache,516636,/Users/pradyu/Documents/New project 4/data/raw/page/supporting-european-businesses-in-the-covid-19-crisis.html,reused cached raw response
2026-05-01T21:21:10.277331+00:00,csv,https://kentclarkcenter.org/wp-content/uploads/2020/04/2020-04-21-Euro-EEP-Supporting-European-Businesses-in-the-COVID-19-Crisis.csv,cache,8642,/Users/pradyu/Documents/New project 4/data/raw/csv/europe-supporting-european-businesses-in-the-covid-19-crisis.csv,reused cached raw response
2026-05-01T21:21:10.278825+00:00,page,https://kentclarkcenter.org/surveys/the-european-green-deal/,cache,529617,/Users/pradyu/Documents/New project 4/data/raw/page/the-european-green-deal.html,reused cached raw response
2026-05-01T21:21:10.371960+00:00,csv,https://kentclarkcenter.org/wp-content/uploads/2020/09/2020-01-31-Euro-EEP-The-European-Green-Deal.csv,cache,9020,/Users/pradyu/Documents/New project 4/data/raw/csv/europe-the-european-green-deal.csv,reused cached raw response
2026-05-01T21:21:10.373428+00:00,page,https://kentclarkcenter.org/surveys/european-economic-policy-for-the-covid-19-crisis/,cache,523002,/Users/pradyu/Documents/New project 4/data/raw/page/european-economic-policy-for-the-covid-19-crisis.html,reused cached raw response
2026-05-01T21:21:10.463626+00:00,csv,https://kentclarkcenter.org/wp-content/uploads/2020/04/2020-04-02-Euro-EEP-European-Economic-Policy-for-the-COVID-19-Crisis.csv,cache,9375,/Users/pradyu/Documents/New project 4/data/raw/csv/europe-european-economic-policy-for-the-covid-19-crisis.csv,reused cached raw response
2026-05-01T21:21:10.465218+00:00,page,https://kentclarkcenter.org/surveys/getting-brexit-done/,cache,518472,/Users/pradyu/Documents/New project 4/data/raw/page/getting-brexit-done.html,reused cached raw response
2026-05-01T21:21:10.556735+00:00,csv,https://kentclarkcenter.org/wp-content/uploads/2020/09/2019-12-20-Euro-EEP-Getting-Brexit-Done.csv,cache,8638,/Users/pradyu/Documents/New project 4/data/raw/csv/europe-getting-brexit-done.csv,reused cached raw response
2026-05-01T21:21:10.558241+00:00,page,https://kentclarkcenter.org/surveys/tax-proposals/,cache,387098,/Users/pradyu/Documents/New project 4/data/raw/page/tax-proposals.html,reused cached raw response
2026-05-01T21:21:10.619011+00:00,csv,https://kentclarkcenter.org/wp-content/uploads/2020/10/2020-10-13-US-EEP-Tax-Proposals.csv,cache,4819,/Users/pradyu/Documents/New project 4/data/raw/csv/us-tax-proposals.csv,reused cached raw response
2026-05-01T21:21:10.620189+00:00,page,https://kentclarkcenter.org/surveys/foreign-competition-and-domestic-innovation/,cache,288540,/Users/pradyu/Documents/New project 4/data/raw/page/foreign-competition-and-domestic-innovation.html,reused cached raw response
2026-05-01T21:21:10.658740+00:00,csv,https://kentclarkcenter.org/wp-content/uploads/2020/10/2020-10-13-Euro-EEP-Foreign-Competition-and-Domestic-Innovation.csv,cache,2779,/Users/pradyu/Documents/New project 4/data/raw/csv/europe-foreign-competition-and-domestic-innovation.csv,reused cached raw response
2026-05-01T21:21:10.659409+00:00,page,https://kentclarkcenter.org/surveys/economic-recovery/,cache,390391,/Users/pradyu/Documents/New project 4/data/raw/page/economic-recovery.html,reused cached raw response
2026-05-01T21:21:10.719879+00:00,csv,https://kentclarkcenter.org/wp-content/uploads/2020/10/2020-10-06-US-EEP-Economic-Recovery.csv,cache,6527,/Users/pradyu/Documents/New project 4/data/raw/csv/us-economic-recovery.csv,reused cached raw response
2026-05-01T21:21:10.720942+00:00,page,https://kentclarkcenter.org/surveys/objectives-of-the-european-central-bank/,cache,492402,/Users/pradyu/Documents/New project 4/data/raw/page/objectives-of-the-european-central-bank.html,reused cached raw response
2026-05-01T21:21:10.799114+00:00,csv,https://kentclarkcenter.org/wp-content/uploads/2020/09/2020-09-24-Euro-EEP-Objectives-of-the-European-Central-Bank.csv,cache,8980,/Users/pradyu/Documents/New project 4/data/raw/csv/europe-objectives-of-the-european-central-bank.csv,reused cached raw response
2026-05-01T21:21:10.800543+00:00,page,https://kentclarkcenter.org/surveys/bitcoins/,cache,382674,/Users/pradyu/Documents/New project 4/data/raw/page/bitcoins.html,reused cached raw response
2026-05-01T21:21:10.858991+00:00,csv,https://kentclarkcenter.org/wp-content/uploads/2020/09/2018-03-09-Euro-EEP-Bitcoins.csv,cache,6475,/Users/pradyu/Documents/New project 4/data/raw/csv/europe-bitcoins.csv,reused cached raw response
2026-05-01T21:21:10.860067+00:00,page,https://kentclarkcenter.org/surveys/student-debt-forgiveness/,cache,512005,/Users/pradyu/Documents/New project 4/data/raw/page/student-debt-forgiveness.html,reused cached raw response
2026-05-01T21:21:10.946307+00:00,csv,https://kentclarkcenter.org/wp-content/uploads/2020/11/2020-11-24-US-EEP-Student-Debt-Forgiveness.csv,cache,8112,/Users/pradyu/Documents/New project 4/data/raw/csv/us-student-debt-forgiveness.csv,reused cached raw response
2026-05-01T21:21:10.947641+00:00,page,https://kentclarkcenter.org/surveys/monetary-policy/,cache,275499,/Users/pradyu/Documents/New project 4/data/raw/page/monetary-policy.html,reused cached raw response
2026-05-01T21:21:10.981779+00:00,csv,https://kentclarkcenter.org/wp-content/uploads/2020/12/2011-09-29-US-EEP-Monetary-Policy.csv,cache,3965,/Users/pradyu/Documents/New project 4/data/raw/csv/us-monetary-policy.csv,reused cached raw response
2026-05-01T21:21:10.982382+00:00,page,https://kentclarkcenter.org/surveys/taxes/,cache,382337,/Users/pradyu/Documents/New project 4/data/raw/page/taxes.html,reused cached raw response
2026-05-01T21:21:11.041290+00:00,csv,https://kentclarkcenter.org/wp-content/uploads/2020/12/2011-10-06-US-EEP-Taxes.csv,cache,7973,/Users/pradyu/Documents/New project 4/data/raw/csv/us-taxes.csv,reused cached raw response
2026-05-01T21:21:11.042296+00:00,page,https://kentclarkcenter.org/surveys/exchange-rates/,cache,278344,/Users/pradyu/Documents/New project 4/data/raw/page/exchange-rates.html,reused cached raw response
2026-05-01T21:21:11.079021+00:00,csv,https://kentclarkcenter.org/wp-content/uploads/2020/12/2011-10-21-US-EEP-Exchange-Rates.csv,cache,2902,/Users/pradyu/Documents/New project 4/data/raw/csv/us-exchange-rates.csv,reused cached raw response
2026-05-01T21:21:11.079597+00:00,page,https://kentclarkcenter.org/surveys/education/,cache,278657,/Users/pradyu/Documents/New project 4/data/raw/page/education.html,reused cached raw response
2026-05-01T21:21:11.116827+00:00,csv,https://kentclarkcenter.org/wp-content/uploads/2020/12/2011-10-17-US-EEP-Education.csv,cache,4697,/Users/pradyu/Documents/New project 4/data/raw/csv/us-education.csv,reused cached raw response
2026-05-01T21:21:11.117444+00:00,page,https://kentclarkcenter.org/surveys/stock-prices/,cache,375210,/Users/pradyu/Documents/New project 4/data/raw/page/stock-prices.html,reused cached raw response
2026-05-01T21:21:11.176423+00:00,csv,https://kentclarkcenter.org/wp-content/uploads/2020/12/2011-10-31-US-EEP-Stock-Prices.csv,cache,6398,/Users/pradyu/Documents/New project 4/data/raw/csv/us-stock-prices.csv,reused cached raw response
2026-05-01T21:21:11.177406+00:00,page,https://kentclarkcenter.org/surveys/tax-reform/,cache,372217,/Users/pradyu/Documents/New project 4/data/raw/page/tax-reform.html,reused cached raw response
2026-05-01T21:21:11.237777+00:00,csv,https://kentclarkcenter.org/wp-content/uploads/2020/12/2011-11-07-US-EEP-Tax-Reform.csv,cache,5880,/Users/pradyu/Documents/New project 4/data/raw/csv/us-tax-reform.csv,reused cached raw response
2026-05-01T21:21:11.238742+00:00,page,https://kentclarkcenter.org/surveys/buy-american/,cache,271918,/Users/pradyu/Documents/New project 4/data/raw/page/buy-american.html,reused cached raw response
2026-05-01T21:21:11.272690+00:00,csv,https://kentclarkcenter.org/wp-content/uploads/2020/12/2011-11-15-US-EEP-Buy-American.csv,cache,3947,/Users/pradyu/Documents/New project 4/data/raw/csv/us-buy-american.csv,reused cached raw response
2026-05-01T21:21:11.273315+00:00,page,https://kentclarkcenter.org/surveys/healthcare/,cache,283103,/Users/pradyu/Documents/New project 4/data/raw/page/healthcare.html,reused cached raw response
2026-05-01T21:21:11.315206+00:00,csv,https://kentclarkcenter.org/wp-content/uploads/2020/12/2011-11-21-US-EEP-Healthcare.csv,cache,4284,/Users/pradyu/Documents/New project 4/data/raw/csv/us-healthcare.csv,reused cached raw response
2026-05-01T21:21:11.315842+00:00,page,https://kentclarkcenter.org/surveys/italys-debt/,cache,350401,/Users/pradyu/Documents/New project 4/data/raw/page/italys-debt.html,reused cached raw response
2026-05-01T21:21:11.367075+00:00,csv,https://kentclarkcenter.org/wp-content/uploads/2020/12/2011-12-05-US-EEP-Italys-Debt.csv,cache,5541,/Users/pradyu/Documents/New project 4/data/raw/csv/us-italys-debt.csv,reused cached raw response
2026-05-01T21:21:11.368089+00:00,page,https://kentclarkcenter.org/surveys/drug-use-policies/,cache,376957,/Users/pradyu/Documents/New project 4/data/raw/page/drug-use-policies.html,reused cached raw response
2026-05-01T21:21:11.431189+00:00,csv,https://kentclarkcenter.org/wp-content/uploads/2020/12/2011-12-12-US-EEP-Drug-Use-Policies.csv,cache,5774,/Users/pradyu/Documents/New project 4/data/raw/csv/us-drug-use-policies.csv,reused cached raw response
2026-05-01T21:21:11.432176+00:00,page,https://kentclarkcenter.org/surveys/carbon-tax/,cache,281225,/Users/pradyu/Documents/New project 4/data/raw/page/carbon-tax.html,reused cached raw response
2026-05-01T21:21:11.467764+00:00,csv,https://kentclarkcenter.org/wp-content/uploads/2020/12/2011-12-20-US-EEP-Carbon-Tax.csv,cache,3481,/Users/pradyu/Documents/New project 4/data/raw/csv/us-carbon-tax.csv,reused cached raw response
2026-05-01T21:21:11.468401+00:00,page,https://kentclarkcenter.org/surveys/gold-standard/,cache,372259,/Users/pradyu/Documents/New project 4/data/raw/page/gold-standard.html,reused cached raw response
2026-05-01T21:21:11.526888+00:00,csv,https://kentclarkcenter.org/wp-content/uploads/2020/12/2012-01-12-US-EEP-Gold-Standard.csv,cache,4499,/Users/pradyu/Documents/New project 4/data/raw/csv/us-gold-standard.csv,reused cached raw response
2026-05-01T21:21:11.527763+00:00,page,https://kentclarkcenter.org/surveys/inequality-and-skills/,cache,280517,/Users/pradyu/Documents/New project 4/data/raw/page/inequality-and-skills.html,reused cached raw response
2026-05-01T21:21:11.563240+00:00,csv,https://kentclarkcenter.org/wp-content/uploads/2020/12/2012-01-24-US-EEP-Inequality-and-Skills.csv,cache,4003,/Users/pradyu/Documents/New project 4/data/raw/csv/us-inequality-and-skills.csv,reused cached raw response
2026-05-01T21:21:11.563843+00:00,page,https://kentclarkcenter.org/surveys/executive-pay/,cache,356634,/Users/pradyu/Documents/New project 4/data/raw/page/executive-pay.html,reused cached raw response
2026-05-01T21:21:11.616789+00:00,csv,https://kentclarkcenter.org/wp-content/uploads/2020/12/2012-01-31-US-EEP-Executive-Pay.csv,cache,6431,/Users/pradyu/Documents/New project 4/data/raw/csv/us-executive-pay.csv,reused cached raw response
2026-05-01T21:21:11.617758+00:00,page,https://kentclarkcenter.org/surveys/economic-stimulus/,cache,375956,/Users/pradyu/Documents/New project 4/data/raw/page/economic-stimulus.html,reused cached raw response
2026-05-01T21:21:11.671209+00:00,csv,https://kentclarkcenter.org/wp-content/uploads/2020/12/2012-02-15-US-EEP-Economic-Stimulus.csv,cache,6304,/Users/pradyu/Documents/New project 4/data/raw/csv/us-economic-stimulus.csv,reused cached raw response
2026-05-01T21:21:11.672234+00:00,page,https://kentclarkcenter.org/surveys/short-selling/,cache,274884,/Users/pradyu/Documents/New project 4/data/raw/page/short-selling.html,reused cached raw response
2026-05-01T21:21:11.710188+00:00,csv,https://kentclarkcenter.org/wp-content/uploads/2020/12/2012-02-20-US-EEP-Short-Selling.csv,cache,3903,/Users/pradyu/Documents/New project 4/data/raw/csv/us-short-selling.csv,reused cached raw response
2026-05-01T21:21:11.710836+00:00,page,https://kentclarkcenter.org/surveys/health-care-licensing/,cache,270095,/Users/pradyu/Documents/New project 4/data/raw/page/health-care-licensing.html,reused cached raw response
2026-05-01T21:21:11.743520+00:00,csv,https://kentclarkcenter.org/wp-content/uploads/2020/12/2012-02-29-US-EEP-Health-care-Licensing.csv,cache,3142,/Users/pradyu/Documents/New project 4/data/raw/csv/us-health-care-licensing.csv,reused cached raw response
2026-05-01T21:21:11.744108+00:00,page,https://kentclarkcenter.org/surveys/rent-control/,cache,279026,/Users/pradyu/Documents/New project 4/data/raw/page/rent-control.html,reused cached raw response
2026-05-01T21:21:11.780662+00:00,csv,https://kentclarkcenter.org/wp-content/uploads/2020/12/2012-02-07-US-EEP-Rent-Control.csv,cache,3054,/Users/pradyu/Documents/New project 4/data/raw/csv/us-rent-control.csv,reused cached raw response
2026-05-01T21:21:11.781256+00:00,page,https://kentclarkcenter.org/surveys/online-sales-taxes/,cache,264564,/Users/pradyu/Documents/New project 4/data/raw/page/online-sales-taxes.html,reused cached raw response
2026-05-01T21:21:11.815879+00:00,csv,https://kentclarkcenter.org/wp-content/uploads/2020/12/2012-07-31-US-EEP-Online-Sales-Taxes.csv,cache,1983,/Users/pradyu/Documents/New project 4/data/raw/csv/us-online-sales-taxes.csv,reused cached raw response
2026-05-01T21:21:11.816420+00:00,page,https://kentclarkcenter.org/surveys/healthcare-and-taxes/,cache,271683,/Users/pradyu/Documents/New project 4/data/raw/page/healthcare-and-taxes.html,reused cached raw response
2026-05-01T21:21:11.852938+00:00,csv,https://kentclarkcenter.org/wp-content/uploads/2020/12/2012-07-18-US-EEP-Healthcare-and-Taxes.csv,cache,3748,/Users/pradyu/Documents/New project 4/data/raw/csv/us-healthcare-and-taxes.csv,reused cached raw response
2026-05-01T21:21:11.853706+00:00,page,https://kentclarkcenter.org/surveys/europe/,cache,456338,/Users/pradyu/Documents/New project 4/data/raw/page/europe.html,reused cached raw response
2026-05-01T21:21:11.931072+00:00,csv,https://kentclarkcenter.org/wp-content/uploads/2020/12/2012-07-03-US-EEP-Europe.csv,cache,6278,/Users/pradyu/Documents/New project 4/data/raw/csv/us-europe.csv,reused cached raw response
2026-05-01T21:21:11.932284+00:00,page,https://kentclarkcenter.org/surveys/college-tuition/,cache,269977,/Users/pradyu/Documents/New project 4/data/raw/page/college-tuition.html,reused cached raw response
2026-05-01T21:21:11.966666+00:00,csv,https://kentclarkcenter.org/wp-content/uploads/2020/12/2012-06-12-US-EEP-College-Tuition.csv,cache,3562,/Users/pradyu/Documents/New project 4/data/raw/csv/us-college-tuition.csv,reused cached raw response
2026-05-01T21:21:11.967278+00:00,page,https://kentclarkcenter.org/surveys/fiscal-cliff/,cache,272589,/Users/pradyu/Documents/New project 4/data/raw/page/fiscal-cliff.html,reused cached raw response
2026-05-01T21:21:12.005999+00:00,csv,https://kentclarkcenter.org/wp-content/uploads/2020/12/2012-06-05-US-EEP-Fiscal-Cliff.csv,cache,3052,/Users/pradyu/Documents/New project 4/data/raw/csv/us-fiscal-cliff.csv,reused cached raw response
2026-05-01T21:21:12.006624+00:00,page,https://kentclarkcenter.org/surveys/french-labor-policies/,cache,367271,/Users/pradyu/Documents/New project 4/data/raw/page/french-labor-policies.html,reused cached raw response
2026-05-01T21:21:12.060882+00:00,csv,https://kentclarkcenter.org/wp-content/uploads/2020/12/2012-05-08-US-EEP-French-Labor-Policies.csv,cache,4945,/Users/pradyu/Documents/New project 4/data/raw/csv/us-french-labor-policies.csv,reused cached raw response
2026-05-01T21:21:12.061777+00:00,page,https://kentclarkcenter.org/surveys/price-gouging/,cache,268632,/Users/pradyu/Documents/New project 4/data/raw/page/price-gouging.html,reused cached raw response
2026-05-01T21:21:12.096533+00:00,csv,https://kentclarkcenter.org/wp-content/uploads/2020/12/2012-05-02-US-EEP-Price-Gouging.csv,cache,3829,/Users/pradyu/Documents/New project 4/data/raw/csv/us-price-gouging.csv,reused cached raw response
2026-05-01T21:21:12.097151+00:00,page,https://kentclarkcenter.org/surveys/security-screening/,cache,273701,/Users/pradyu/Documents/New project 4/data/raw/page/security-screening.html,reused cached raw response
2026-05-01T21:21:12.134125+00:00,csv,https://kentclarkcenter.org/wp-content/uploads/2020/12/2012-04-23-US-EEP-Security-Screening.csv,cache,3731,/Users/pradyu/Documents/New project 4/data/raw/csv/us-security-screening.csv,reused cached raw response
2026-05-01T21:21:12.134752+00:00,page,https://kentclarkcenter.org/surveys/ticket-resale/,cache,273442,/Users/pradyu/Documents/New project 4/data/raw/page/ticket-resale.html,reused cached raw response
2026-05-01T21:21:12.171516+00:00,csv,https://kentclarkcenter.org/wp-content/uploads/2020/12/2012-04-16-US-EEP-Ticket-Resale.csv,cache,2728,/Users/pradyu/Documents/New project 4/data/raw/csv/us-ticket-resale.csv,reused cached raw response
2026-05-01T21:21:12.172077+00:00,page,https://kentclarkcenter.org/surveys/fannie-and-freddie/,cache,265306,/Users/pradyu/Documents/New project 4/data/raw/page/fannie-and-freddie.html,reused cached raw response
2026-05-01T21:21:12.206304+00:00,csv,https://kentclarkcenter.org/wp-content/uploads/2020/12/2012-04-09-US-EEP-Fannie-and-Freddie.csv,cache,2923,/Users/pradyu/Documents/New project 4/data/raw/csv/us-fannie-and-freddie.csv,reused cached raw response
2026-05-01T21:21:12.206885+00:00,page,https://kentclarkcenter.org/surveys/school-vouchers/,cache,371291,/Users/pradyu/Documents/New project 4/data/raw/page/school-vouchers.html,reused cached raw response
2026-05-01T21:21:12.264912+00:00,csv,https://kentclarkcenter.org/wp-content/uploads/2020/12/2012-04-03-US-EEP-School-Vouchers.csv,cache,5312,/Users/pradyu/Documents/New project 4/data/raw/csv/us-school-vouchers.csv,reused cached raw response
2026-05-01T21:21:12.265863+00:00,page,https://kentclarkcenter.org/surveys/too-big-to-fail/,cache,366654,/Users/pradyu/Documents/New project 4/data/raw/page/too-big-to-fail.html,reused cached raw response
2026-05-01T21:21:12.323214+00:00,csv,https://kentclarkcenter.org/wp-content/uploads/2020/12/2012-03-28-US-EEP-Too-Big-to-Fail.csv,cache,3811,/Users/pradyu/Documents/New project 4/data/raw/csv/us-too-big-to-fail.csv,reused cached raw response
2026-05-01T21:21:12.324202+00:00,page,https://kentclarkcenter.org/surveys/gasoline-prices/,cache,280633,/Users/pradyu/Documents/New project 4/data/raw/page/gasoline-prices.html,reused cached raw response
2026-05-01T21:21:12.361595+00:00,csv,https://kentclarkcenter.org/wp-content/uploads/2020/12/2012-03-19-US-EEP-Gasoline-Prices.csv,cache,2238,/Users/pradyu/Documents/New project 4/data/raw/csv/us-gasoline-prices.csv,reused cached raw response
2026-05-01T21:21:12.362142+00:00,page,https://kentclarkcenter.org/surveys/free-trade/,cache,378944,/Users/pradyu/Documents/New project 4/data/raw/page/free-trade.html,reused cached raw response
2026-05-01T21:21:12.420881+00:00,csv,https://kentclarkcenter.org/wp-content/uploads/2020/12/2012-03-13-US-EEP-Free-Trade.csv,cache,5133,/Users/pradyu/Documents/New project 4/data/raw/csv/us-free-trade.csv,reused cached raw response
2026-05-01T21:21:12.421883+00:00,page,https://kentclarkcenter.org/surveys/bank-bailouts/,cache,275789,/Users/pradyu/Documents/New project 4/data/raw/page/bank-bailouts.html,reused cached raw response
2026-05-01T21:21:12.457854+00:00,csv,https://kentclarkcenter.org/wp-content/uploads/2020/12/2012-03-06-US-EEP-Bank-Bailouts.csv,cache,3012,/Users/pradyu/Documents/New project 4/data/raw/csv/us-bank-bailouts.csv,reused cached raw response
2026-05-01T21:21:12.458471+00:00,page,https://kentclarkcenter.org/surveys/china-us-trade/,cache,368123,/Users/pradyu/Documents/New project 4/data/raw/page/china-us-trade.html,reused cached raw response
2026-05-01T21:21:12.515901+00:00,csv,https://kentclarkcenter.org/wp-content/uploads/2020/12/2012-06-19-US-EEP-China-US-Trade.csv,cache,3462,/Users/pradyu/Documents/New project 4/data/raw/csv/us-china-us-trade.csv,reused cached raw response
2026-05-01T21:21:12.516830+00:00,page,https://kentclarkcenter.org/surveys/laffer-curve/,cache,361326,/Users/pradyu/Documents/New project 4/data/raw/page/laffer-curve.html,reused cached raw response
2026-05-01T21:21:12.568798+00:00,csv,https://kentclarkcenter.org/wp-content/uploads/2020/12/2012-06-26-US-EEP-Laffer-Curve.csv,cache,4721,/Users/pradyu/Documents/New project 4/data/raw/csv/us-laffer-curve.csv,reused cached raw response
2026-05-01T21:21:12.570031+00:00,page,https://kentclarkcenter.org/surveys/student-loans/,cache,352418,/Users/pradyu/Documents/New project 4/data/raw/page/student-loans.html,reused cached raw response
2026-05-01T21:21:12.624192+00:00,csv,https://kentclarkcenter.org/wp-content/uploads/2020/12/2012-08-21-US-EEP-Student-Loans.csv,cache,4467,/Users/pradyu/Documents/New project 4/data/raw/csv/us-student-loans.csv,reused cached raw response
2026-05-01T21:21:12.625088+00:00,page,https://kentclarkcenter.org/surveys/european-debt/,cache,433486,/Users/pradyu/Documents/New project 4/data/raw/page/european-debt.html,reused cached raw response
2026-05-01T21:21:12.694537+00:00,csv,https://kentclarkcenter.org/wp-content/uploads/2020/12/2012-09-11-US-EEP-European-Debt.csv,cache,5712,/Users/pradyu/Documents/New project 4/data/raw/csv/us-european-debt.csv,reused cached raw response
2026-05-01T21:21:12.695729+00:00,page,https://kentclarkcenter.org/surveys/ethanol/,cache,366526,/Users/pradyu/Documents/New project 4/data/raw/page/ethanol.html,reused cached raw response
2026-05-01T21:21:12.753300+00:00,csv,https://kentclarkcenter.org/wp-content/uploads/2020/12/2012-19-09-US-EEP-Ethanol.csv,cache,4219,/Users/pradyu/Documents/New project 4/data/raw/csv/us-ethanol.csv,reused cached raw response
2026-05-01T21:21:12.754376+00:00,page,https://kentclarkcenter.org/surveys/qe3/,cache,444561,/Users/pradyu/Documents/New project 4/data/raw/page/qe3.html,reused cached raw response
2026-05-01T21:21:12.830619+00:00,csv,https://kentclarkcenter.org/wp-content/uploads/2020/12/2012-09-25-US-EEP-QE3.csv,cache,5922,/Users/pradyu/Documents/New project 4/data/raw/csv/us-qe3.csv,reused cached raw response
2026-05-01T21:21:12.831787+00:00,page,https://kentclarkcenter.org/surveys/taxing-capital-and-labor/,cache,447710,/Users/pradyu/Documents/New project 4/data/raw/page/taxing-capital-and-labor.html,reused cached raw response
2026-05-01T21:21:12.908433+00:00,csv,https://kentclarkcenter.org/wp-content/uploads/2020/12/2012-10-09-US-EEP-Taxing-Capital-and-Labor.csv,cache,5604,/Users/pradyu/Documents/New project 4/data/raw/csv/us-taxing-capital-and-labor.csv,reused cached raw response
2026-05-01T21:21:12.909651+00:00,page,https://kentclarkcenter.org/surveys/economic-stimulus-revisited/,cache,382656,/Users/pradyu/Documents/New project 4/data/raw/page/economic-stimulus-revisited.html,reused cached raw response
2026-05-01T21:21:12.972984+00:00,csv,https://kentclarkcenter.org/wp-content/uploads/2020/12/2014-07-29-US-EEP-Economic-Stimulus-revisited.csv,cache,4467,/Users/pradyu/Documents/New project 4/data/raw/csv/us-economic-stimulus-revisited.csv,reused cached raw response
2026-05-01T21:21:12.974039+00:00,page,https://kentclarkcenter.org/surveys/economic-policy-advice/,cache,277513,/Users/pradyu/Documents/New project 4/data/raw/page/economic-policy-advice.html,reused cached raw response
2026-05-01T21:21:13.013395+00:00,csv,https://kentclarkcenter.org/wp-content/uploads/2020/12/2016-12-21-US-EEP-Economic-Policy-Advice.csv,cache,3437,/Users/pradyu/Documents/New project 4/data/raw/csv/us-economic-policy-advice.csv,reused cached raw response
2026-05-01T21:21:13.014040+00:00,page,https://kentclarkcenter.org/surveys/trump-and-share-prices/,cache,370590,/Users/pradyu/Documents/New project 4/data/raw/page/trump-and-share-prices.html,reused cached raw response
2026-05-01T21:21:13.072090+00:00,csv,https://kentclarkcenter.org/wp-content/uploads/2020/12/2017-01-17-US-EEP-Trump-and-Share-Prices.csv,cache,5813,/Users/pradyu/Documents/New project 4/data/raw/csv/us-trump-and-share-prices.csv,reused cached raw response
2026-05-01T21:21:13.073147+00:00,page,https://kentclarkcenter.org/surveys/sports-stadiums/,cache,273175,/Users/pradyu/Documents/New project 4/data/raw/page/sports-stadiums.html,reused cached raw response
2026-05-01T21:21:13.111102+00:00,csv,https://kentclarkcenter.org/wp-content/uploads/2020/12/2017-01-31-US-EEP-Sports-Stadiums.csv,cache,2680,/Users/pradyu/Documents/New project 4/data/raw/csv/us-sports-stadiums.csv,reused cached raw response
2026-05-01T21:21:13.111690+00:00,page,https://kentclarkcenter.org/surveys/high-skilled-immigrant-visas/,cache,378753,/Users/pradyu/Documents/New project 4/data/raw/page/high-skilled-immigrant-visas.html,reused cached raw response
2026-05-01T21:21:13.170962+00:00,csv,https://kentclarkcenter.org/wp-content/uploads/2020/12/2017-02-14-US-EEP-High-skilled-Immigrant-Visas.csv,cache,5319,/Users/pradyu/Documents/New project 4/data/raw/csv/us-high-skilled-immigrant-visas.csv,reused cached raw response
2026-05-01T21:21:13.172081+00:00,page,https://kentclarkcenter.org/surveys/border-adjustment-tax/,cache,356522,/Users/pradyu/Documents/New project 4/data/raw/page/border-adjustment-tax.html,reused cached raw response
2026-05-01T21:21:13.228851+00:00,csv,https://kentclarkcenter.org/wp-content/uploads/2020/12/2017-04-12-US-EEP-Border-Adjustment-Tax.csv,cache,4722,/Users/pradyu/Documents/New project 4/data/raw/csv/us-border-adjustment-tax.csv,reused cached raw response
2026-05-01T21:21:13.229807+00:00,page,https://kentclarkcenter.org/surveys/tax-reforms/,cache,377441,/Users/pradyu/Documents/New project 4/data/raw/page/tax-reforms.html,reused cached raw response
2026-05-01T21:21:13.288774+00:00,csv,https://kentclarkcenter.org/wp-content/uploads/2020/12/2017-05-02-US-EEP-Tax-Reforms.csv,cache,4622,/Users/pradyu/Documents/New project 4/data/raw/csv/us-tax-reforms.csv,reused cached raw response
2026-05-01T21:21:13.289722+00:00,page,https://kentclarkcenter.org/surveys/baumols-cost-disease/,cache,270434,/Users/pradyu/Documents/New project 4/data/raw/page/baumols-cost-disease.html,reused cached raw response
2026-05-01T21:21:13.325334+00:00,csv,https://kentclarkcenter.org/wp-content/uploads/2020/12/2017-05-16-US-EEP-Baumols-Cost-Disease.csv,cache,2796,/Users/pradyu/Documents/New project 4/data/raw/csv/us-baumols-cost-disease.csv,reused cached raw response
2026-05-01T21:21:13.325967+00:00,page,https://kentclarkcenter.org/surveys/infrastructure-spending/,cache,382301,/Users/pradyu/Documents/New project 4/data/raw/page/infrastructure-spending.html,reused cached raw response
2026-05-01T21:21:13.386296+00:00,csv,https://kentclarkcenter.org/wp-content/uploads/2020/12/2017-06-06-US-EEP-Infrastructure-Spending.csv,cache,5129,/Users/pradyu/Documents/New project 4/data/raw/csv/us-infrastructure-spending.csv,reused cached raw response
2026-05-01T21:21:13.387468+00:00,page,https://kentclarkcenter.org/surveys/inflation-target/,cache,369923,/Users/pradyu/Documents/New project 4/data/raw/page/inflation-target.html,reused cached raw response
2026-05-01T21:21:13.440658+00:00,csv,https://kentclarkcenter.org/wp-content/uploads/2020/12/2017-07-11-US-EEP-Inflation-Target.csv,cache,4201,/Users/pradyu/Documents/New project 4/data/raw/csv/us-inflation-target.csv,reused cached raw response
2026-05-01T21:21:13.441608+00:00,page,https://kentclarkcenter.org/surveys/deficits/,cache,265947,/Users/pradyu/Documents/New project 4/data/raw/page/deficits.html,reused cached raw response
2026-05-01T21:21:13.473822+00:00,csv,https://kentclarkcenter.org/wp-content/uploads/2020/12/2017-06-21-US-EEP-Deficits.csv,cache,2603,/Users/pradyu/Documents/New project 4/data/raw/csv/us-deficits.csv,reused cached raw response
2026-05-01T21:21:13.474397+00:00,page,https://kentclarkcenter.org/surveys/balanced-budget-amendment/,cache,379677,/Users/pradyu/Documents/New project 4/data/raw/page/balanced-budget-amendment.html,reused cached raw response
2026-05-01T21:21:13.535822+00:00,csv,https://kentclarkcenter.org/wp-content/uploads/2020/12/2017-11-07-US-EEP-Balanced-Budget-Amendment.csv,cache,4456,/Users/pradyu/Documents/New project 4/data/raw/csv/us-balanced-budget-amendment.csv,reused cached raw response
2026-05-01T21:21:13.536953+00:00,page,https://kentclarkcenter.org/surveys/tax-reform-2/,cache,382296,/Users/pradyu/Documents/New project 4/data/raw/page/tax-reform-2.html,reused cached raw response
2026-05-01T21:21:13.594856+00:00,csv,https://kentclarkcenter.org/wp-content/uploads/2020/12/2017-11-21-US-EEP-Tax-Reform.csv,cache,4773,/Users/pradyu/Documents/New project 4/data/raw/csv/us-tax-reform-2.csv,reused cached raw response
2026-05-01T21:21:13.595846+00:00,page,https://kentclarkcenter.org/surveys/employment-and-the-us-economy/,cache,369624,/Users/pradyu/Documents/New project 4/data/raw/page/employment-and-the-us-economy.html,reused cached raw response
2026-05-01T21:21:13.654119+00:00,csv,https://kentclarkcenter.org/wp-content/uploads/2020/12/2017-12-06-US-EEP-Employment-and-the-US-Economy.csv,cache,4553,/Users/pradyu/Documents/New project 4/data/raw/csv/us-employment-and-the-us-economy.csv,reused cached raw response
2026-05-01T21:21:13.655210+00:00,page,https://kentclarkcenter.org/surveys/bitcoin-ii/,cache,378886,/Users/pradyu/Documents/New project 4/data/raw/page/bitcoin-ii.html,reused cached raw response
2026-05-01T21:21:13.717669+00:00,csv,https://kentclarkcenter.org/wp-content/uploads/2020/12/2017-12-20-US-EEP-Bitcoin-II.csv,cache,5363,/Users/pradyu/Documents/New project 4/data/raw/csv/us-bitcoin-ii.csv,reused cached raw response
2026-05-01T21:21:13.718639+00:00,page,https://kentclarkcenter.org/surveys/top-marginal-tax-rates/,cache,282351,/Users/pradyu/Documents/New project 4/data/raw/page/top-marginal-tax-rates.html,reused cached raw response
2026-05-01T21:21:13.757176+00:00,csv,https://kentclarkcenter.org/wp-content/uploads/2020/12/2019-01-16-US-EEP-Top-Marginal-Tax-Rates.csv,cache,4205,/Users/pradyu/Documents/New project 4/data/raw/csv/us-top-marginal-tax-rates.csv,reused cached raw response
2026-05-01T21:21:13.757868+00:00,page,https://kentclarkcenter.org/surveys/climate-change-policies/,cache,381580,/Users/pradyu/Documents/New project 4/data/raw/page/climate-change-policies.html,reused cached raw response
2026-05-01T21:21:13.823927+00:00,csv,https://kentclarkcenter.org/wp-content/uploads/2020/12/2018-11-13-US-EEP-Climate-Change-Policies.csv,cache,5658,/Users/pradyu/Documents/New project 4/data/raw/csv/us-climate-change-policies.csv,reused cached raw response
2026-05-01T21:21:13.824940+00:00,page,https://kentclarkcenter.org/surveys/market-share-and-market-power/,cache,274396,/Users/pradyu/Documents/New project 4/data/raw/page/market-share-and-market-power.html,reused cached raw response
2026-05-01T21:21:13.859865+00:00,csv,https://kentclarkcenter.org/wp-content/uploads/2020/12/2018-09-25-US-EEP-Market-Share-and-Market-Power.csv,cache,2887,/Users/pradyu/Documents/New project 4/data/raw/csv/us-market-share-and-market-power.csv,reused cached raw response
2026-05-01T21:21:13.860490+00:00,page,https://kentclarkcenter.org/surveys/trade-disruptions/,cache,279873,/Users/pradyu/Documents/New project 4/data/raw/page/trade-disruptions.html,reused cached raw response
2026-05-01T21:21:13.900690+00:00,csv,https://kentclarkcenter.org/wp-content/uploads/2020/12/2018-07-24-US-EEP-Trade-Disruptions.csv,cache,2176,/Users/pradyu/Documents/New project 4/data/raw/csv/us-trade-disruptions.csv,reused cached raw response
2026-05-01T21:21:13.901265+00:00,page,https://kentclarkcenter.org/surveys/the-ncaa/,cache,276971,/Users/pradyu/Documents/New project 4/data/raw/page/the-ncaa.html,reused cached raw response
2026-05-01T21:21:13.939184+00:00,csv,https://kentclarkcenter.org/wp-content/uploads/2020/12/2018-04-02-US-EEP-The-NCAA.csv,cache,2511,/Users/pradyu/Documents/New project 4/data/raw/csv/us-the-ncaa.csv,reused cached raw response
2026-05-01T21:21:13.939798+00:00,page,https://kentclarkcenter.org/surveys/occupational-licensing-for-economists/,cache,277143,/Users/pradyu/Documents/New project 4/data/raw/page/occupational-licensing-for-economists.html,reused cached raw response
2026-05-01T21:21:13.977707+00:00,csv,https://kentclarkcenter.org/wp-content/uploads/2020/12/2018-04-17-US-EEP-Occupational-Licensing-for-Economists.csv,cache,4568,/Users/pradyu/Documents/New project 4/data/raw/csv/us-occupational-licensing-for-economists.csv,reused cached raw response
2026-05-01T21:21:13.978407+00:00,page,https://kentclarkcenter.org/surveys/supplemental-nutritional-assistance-program/,cache,377317,/Users/pradyu/Documents/New project 4/data/raw/page/supplemental-nutritional-assistance-program.html,reused cached raw response
2026-05-01T21:21:14.037669+00:00,csv,https://kentclarkcenter.org/wp-content/uploads/2020/12/2018-03-02-US-EEP-Supplemental-Nutritional-Assistance.csv,cache,4627,/Users/pradyu/Documents/New project 4/data/raw/csv/us-supplemental-nutritional-assistance-program.csv,reused cached raw response
2026-05-01T21:21:14.038695+00:00,page,https://kentclarkcenter.org/surveys/missing-productivity-growth/,cache,278916,/Users/pradyu/Documents/New project 4/data/raw/page/missing-productivity-growth.html,reused cached raw response
2026-05-01T21:21:14.076089+00:00,csv,https://kentclarkcenter.org/wp-content/uploads/2020/12/2018-02-15-US-EEP-Missing-Productivity-Growth.csv,cache,3173,/Users/pradyu/Documents/New project 4/data/raw/csv/us-missing-productivity-growth.csv,reused cached raw response
2026-05-01T21:21:14.076718+00:00,page,https://kentclarkcenter.org/surveys/the-dollar/,cache,284726,/Users/pradyu/Documents/New project 4/data/raw/page/the-dollar.html,reused cached raw response
2026-05-01T21:21:14.116550+00:00,csv,https://kentclarkcenter.org/wp-content/uploads/2020/12/2018-01-30-US-EEP-The-Dollar.csv,cache,3065,/Users/pradyu/Documents/New project 4/data/raw/csv/us-the-dollar.csv,reused cached raw response
2026-05-01T21:21:14.117153+00:00,page,https://kentclarkcenter.org/surveys/subsidies-to-attract-businesses/,cache,375840,/Users/pradyu/Documents/New project 4/data/raw/page/subsidies-to-attract-businesses.html,reused cached raw response
2026-05-01T21:21:14.178819+00:00,csv,https://kentclarkcenter.org/wp-content/uploads/2020/12/2019-02-26-US-EEP-Subsidies-to-Attract-Businesses.csv,cache,5992,/Users/pradyu/Documents/New project 4/data/raw/csv/us-subsidies-to-attract-businesses.csv,reused cached raw response
2026-05-01T21:21:14.179798+00:00,page,https://kentclarkcenter.org/surveys/breaking-up-large-tech-companies/,cache,450229,/Users/pradyu/Documents/New project 4/data/raw/page/breaking-up-large-tech-companies.html,reused cached raw response
2026-05-01T21:21:14.256114+00:00,csv,https://kentclarkcenter.org/wp-content/uploads/2020/12/2019-03-26-US-EEP-Breaking-Up-Large-Tech-Companies.csv,cache,6189,/Users/pradyu/Documents/New project 4/data/raw/csv/us-breaking-up-large-tech-companies.csv,reused cached raw response
2026-05-01T21:21:14.257438+00:00,page,https://kentclarkcenter.org/surveys/college-admissions/,cache,387202,/Users/pradyu/Documents/New project 4/data/raw/page/college-admissions.html,reused cached raw response
2026-05-01T21:21:14.317185+00:00,csv,https://kentclarkcenter.org/wp-content/uploads/2020/12/2019-04-30-US-EEP-College-Admissions.csv,cache,4398,/Users/pradyu/Documents/New project 4/data/raw/csv/us-college-admissions.csv,reused cached raw response
2026-05-01T21:21:14.318108+00:00,page,https://kentclarkcenter.org/surveys/fed-appointments/,cache,288627,/Users/pradyu/Documents/New project 4/data/raw/page/fed-appointments.html,reused cached raw response
2026-05-01T21:21:14.355591+00:00,csv,https://kentclarkcenter.org/wp-content/uploads/2020/12/2019-05-13-US-EEP-Fed-Appointments.csv,cache,3003,/Users/pradyu/Documents/New project 4/data/raw/csv/us-fed-appointments.csv,reused cached raw response
2026-05-01T21:21:14.356271+00:00,page,https://kentclarkcenter.org/surveys/china-us-trade-war/,cache,391899,/Users/pradyu/Documents/New project 4/data/raw/page/china-us-trade-war.html,reused cached raw response
2026-05-01T21:21:14.413238+00:00,csv,https://kentclarkcenter.org/wp-content/uploads/2020/12/2019-05-29-US-EEP-China-US-Trade-War.csv,cache,5218,/Users/pradyu/Documents/New project 4/data/raw/csv/us-china-us-trade-war.csv,reused cached raw response
2026-05-01T21:21:14.414233+00:00,page,https://kentclarkcenter.org/surveys/teaching-introductory-economics/,cache,373976,/Users/pradyu/Documents/New project 4/data/raw/page/teaching-introductory-economics.html,reused cached raw response
2026-05-01T21:21:14.475954+00:00,csv,https://kentclarkcenter.org/wp-content/uploads/2020/12/2019-06-12-US-EEP-Teaching-Introductory-Economics.csv,cache,4552,/Users/pradyu/Documents/New project 4/data/raw/csv/us-teaching-introductory-economics.csv,reused cached raw response
2026-05-01T21:21:14.476903+00:00,page,https://kentclarkcenter.org/surveys/trade-and-exchange-rates/,cache,392696,/Users/pradyu/Documents/New project 4/data/raw/page/trade-and-exchange-rates.html,reused cached raw response
2026-05-01T21:21:14.538834+00:00,csv,https://kentclarkcenter.org/wp-content/uploads/2020/12/2019-06-25-US-EEP-Trade-and-Exchange-Rates.csv,cache,4552,/Users/pradyu/Documents/New project 4/data/raw/csv/us-trade-and-exchange-rates.csv,reused cached raw response
2026-05-01T21:21:14.539834+00:00,page,https://kentclarkcenter.org/surveys/equal-pay/,cache,400840,/Users/pradyu/Documents/New project 4/data/raw/page/equal-pay.html,reused cached raw response
2026-05-01T21:21:14.602885+00:00,csv,https://kentclarkcenter.org/wp-content/uploads/2020/12/2019-07-17-US-EEP-Equal-Pay.csv,cache,6582,/Users/pradyu/Documents/New project 4/data/raw/csv/us-equal-pay.csv,reused cached raw response
2026-05-01T21:21:14.604136+00:00,page,https://kentclarkcenter.org/surveys/cryptocurrencies/,cache,277520,/Users/pradyu/Documents/New project 4/data/raw/page/cryptocurrencies.html,reused cached raw response
2026-05-01T21:21:14.642998+00:00,csv,https://kentclarkcenter.org/wp-content/uploads/2020/12/2019-07-31-US-EEP-Cryptocurrencies.csv,cache,2693,/Users/pradyu/Documents/New project 4/data/raw/csv/us-cryptocurrencies.csv,reused cached raw response
2026-05-01T21:21:14.643607+00:00,page,https://kentclarkcenter.org/surveys/state-run-lotteries/,cache,284644,/Users/pradyu/Documents/New project 4/data/raw/page/state-run-lotteries.html,reused cached raw response
2026-05-01T21:21:14.683595+00:00,csv,https://kentclarkcenter.org/wp-content/uploads/2020/12/2019-11-06-US-EEP-State-run-Lotteries.csv,cache,4773,/Users/pradyu/Documents/New project 4/data/raw/csv/us-state-run-lotteries.csv,reused cached raw response
2026-05-01T21:21:14.684305+00:00,page,https://kentclarkcenter.org/surveys/payday-lending/,cache,285864,/Users/pradyu/Documents/New project 4/data/raw/page/payday-lending.html,reused cached raw response
2026-05-01T21:21:14.725278+00:00,csv,https://kentclarkcenter.org/wp-content/uploads/2020/12/2019-12-11-US-EEP-Payday-Lending.csv,cache,3647,/Users/pradyu/Documents/New project 4/data/raw/csv/us-payday-lending.csv,reused cached raw response
2026-05-01T21:21:14.725904+00:00,page,https://kentclarkcenter.org/surveys/brexit-the-uk-economy-and-us-uk-trade/,cache,375852,/Users/pradyu/Documents/New project 4/data/raw/page/brexit-the-uk-economy-and-us-uk-trade.html,reused cached raw response
2026-05-01T21:21:14.786853+00:00,csv,https://kentclarkcenter.org/wp-content/uploads/2020/12/2019-12-30-US-EEP-Brexit-the-UK-Economy-and-US-UK-Trade.csv,cache,4383,/Users/pradyu/Documents/New project 4/data/raw/csv/us-brexit-the-uk-economy-and-us-uk-trade.csv,reused cached raw response
2026-05-01T21:21:14.788025+00:00,page,https://kentclarkcenter.org/surveys/mandatory-medicare-i/,cache,392587,/Users/pradyu/Documents/New project 4/data/raw/page/mandatory-medicare-i.html,reused cached raw response
2026-05-01T21:21:14.848095+00:00,csv,https://kentclarkcenter.org/wp-content/uploads/2020/12/2020-01-24-US-EEP-Mandatory-Medicare-I.csv,cache,5686,/Users/pradyu/Documents/New project 4/data/raw/csv/us-mandatory-medicare-i.csv,reused cached raw response
2026-05-01T21:21:14.849122+00:00,page,https://kentclarkcenter.org/surveys/mandatory-medicare-ii/,cache,490103,/Users/pradyu/Documents/New project 4/data/raw/page/mandatory-medicare-ii.html,reused cached raw response
2026-05-01T21:21:14.940289+00:00,csv,https://kentclarkcenter.org/wp-content/uploads/2020/12/2020-01-24-US-EEP-Mandatory-Medicare-II.csv,cache,7520,/Users/pradyu/Documents/New project 4/data/raw/csv/us-mandatory-medicare-ii.csv,reused cached raw response
2026-05-01T21:21:14.941706+00:00,page,https://kentclarkcenter.org/surveys/policy-for-the-covid-19-crisis/,cache,508210,/Users/pradyu/Documents/New project 4/data/raw/page/policy-for-the-covid-19-crisis.html,reused cached raw response
2026-05-01T21:21:15.033437+00:00,csv,https://kentclarkcenter.org/wp-content/uploads/2020/12/2020-03-27-US-EEP-Policy-for-the-COVID-19-Crisis.csv,cache,8738,/Users/pradyu/Documents/New project 4/data/raw/csv/us-policy-for-the-covid-19-crisis.csv,reused cached raw response
2026-05-01T21:21:15.034841+00:00,page,https://kentclarkcenter.org/surveys/testing-for-coronavirus-infections-and-antibodies/,cache,400289,/Users/pradyu/Documents/New project 4/data/raw/page/testing-for-coronavirus-infections-and-antibodies.html,reused cached raw response
2026-05-01T21:21:15.101313+00:00,csv,https://kentclarkcenter.org/wp-content/uploads/2020/12/2020-04-06-US-EEP-Testing-for-Coronavirus-Infections-and-Antibodies.csv,cache,5878,/Users/pradyu/Documents/New project 4/data/raw/csv/us-testing-for-coronavirus-infections-and-antibodies.csv,reused cached raw response
2026-05-01T21:21:15.102393+00:00,page,https://kentclarkcenter.org/surveys/income-support-in-the-covid-19-crisis/,cache,400144,/Users/pradyu/Documents/New project 4/data/raw/page/income-support-in-the-covid-19-crisis.html,reused cached raw response
2026-05-01T21:21:15.168033+00:00,csv,https://kentclarkcenter.org/wp-content/uploads/2020/12/2020-04-20-US-EEP-Income-Support-in-the-COVID-19-Crisis.csv,cache,6466,/Users/pradyu/Documents/New project 4/data/raw/csv/us-income-support-in-the-covid-19-crisis.csv,reused cached raw response
2026-05-01T21:21:15.169056+00:00,page,https://kentclarkcenter.org/surveys/small-firms-in-the-crisis/,cache,395537,/Users/pradyu/Documents/New project 4/data/raw/page/small-firms-in-the-crisis.html,reused cached raw response
2026-05-01T21:21:15.228127+00:00,csv,https://kentclarkcenter.org/wp-content/uploads/2020/12/2020-04-27-US-EEP-Small-Firms-in-the-Crisis.csv,cache,6132,/Users/pradyu/Documents/New project 4/data/raw/csv/us-small-firms-in-the-crisis.csv,reused cached raw response
2026-05-01T21:21:15.229125+00:00,page,https://kentclarkcenter.org/surveys/stimulus-and-stabilizers/,cache,393612,/Users/pradyu/Documents/New project 4/data/raw/page/stimulus-and-stabilizers.html,reused cached raw response
2026-05-01T21:21:15.287121+00:00,csv,https://kentclarkcenter.org/wp-content/uploads/2020/12/2020-05-26-US-EEP-Stimulus-and-Stabilizers.csv,cache,5555,/Users/pradyu/Documents/New project 4/data/raw/csv/us-stimulus-and-stabilizers.csv,reused cached raw response
2026-05-01T21:21:15.288228+00:00,page,https://kentclarkcenter.org/surveys/new-visa-ban/,cache,516233,/Users/pradyu/Documents/New project 4/data/raw/page/new-visa-ban.html,reused cached raw response
2026-05-01T21:21:15.377897+00:00,csv,https://kentclarkcenter.org/wp-content/uploads/2020/06/2020-06-26-US-EEP-New-Visa-Ban.csv,cache,6123,/Users/pradyu/Documents/New project 4/data/raw/csv/us-new-visa-ban.csv,reused cached raw response
2026-05-01T21:21:15.379159+00:00,page,https://kentclarkcenter.org/surveys/jobs-and-unemployment-insurance/,cache,494206,/Users/pradyu/Documents/New project 4/data/raw/page/jobs-and-unemployment-insurance.html,reused cached raw response
2026-05-01T21:21:15.460852+00:00,csv,https://kentclarkcenter.org/wp-content/uploads/2020/12/2020-07-18-US-EEP-Jobs-and-Unemployment-Insurance.csv,cache,6352,/Users/pradyu/Documents/New project 4/data/raw/csv/us-jobs-and-unemployment-insurance.csv,reused cached raw response
2026-05-01T21:21:15.462202+00:00,page,https://kentclarkcenter.org/surveys/ecb-appointments/,cache,415233,/Users/pradyu/Documents/New project 4/data/raw/page/ecb-appointments.html,reused cached raw response
2026-05-01T21:21:15.530304+00:00,csv,https://kentclarkcenter.org/wp-content/uploads/2020/09/2019-07-03-Euro-EEP-ECB-Appointments.csv,cache,5664,/Users/pradyu/Documents/New project 4/data/raw/csv/europe-ecb-appointments.csv,reused cached raw response
2026-05-01T21:21:15.531378+00:00,page,https://kentclarkcenter.org/surveys/european-infrastructure-and-chinese-firms/,cache,290115,/Users/pradyu/Documents/New project 4/data/raw/page/european-infrastructure-and-chinese-firms.html,reused cached raw response
2026-05-01T21:21:15.572624+00:00,csv,https://kentclarkcenter.org/wp-content/uploads/2020/09/2019-06-12-Euro-EEP-European-Infrastructure-and-Chinese-Firms.csv,cache,3698,/Users/pradyu/Documents/New project 4/data/raw/csv/europe-european-infrastructure-and-chinese-firms.csv,reused cached raw response
2026-05-01T21:21:15.573414+00:00,page,https://kentclarkcenter.org/surveys/european-fiscal-and-monetary-policy/,cache,533694,/Users/pradyu/Documents/New project 4/data/raw/page/european-fiscal-and-monetary-policy.html,reused cached raw response
2026-05-01T21:21:15.669046+00:00,csv,https://kentclarkcenter.org/wp-content/uploads/2020/09/2019-07-24-Euro-EEP-European-Fiscal-and-Monetary-Policy.csv,cache,7544,/Users/pradyu/Documents/New project 4/data/raw/csv/europe-european-fiscal-and-monetary-policy.csv,reused cached raw response
2026-05-01T21:21:15.670964+00:00,page,https://kentclarkcenter.org/surveys/corporate-social-responsibility/,cache,279185,/Users/pradyu/Documents/New project 4/data/raw/page/corporate-social-responsibility.html,reused cached raw response
2026-05-01T21:21:15.708343+00:00,csv,https://kentclarkcenter.org/wp-content/uploads/2020/12/2019-02-13-US-EEP-Corporate-Social-Responsibility.csv,cache,3492,/Users/pradyu/Documents/New project 4/data/raw/csv/us-corporate-social-responsibility.csv,reused cached raw response
2026-05-01T21:21:15.708978+00:00,page,https://kentclarkcenter.org/surveys/2532/,cache,275309,/Users/pradyu/Documents/New project 4/data/raw/page/2532.html,reused cached raw response
2026-05-01T21:21:15.745050+00:00,csv,https://kentclarkcenter.org/wp-content/uploads/2020/12/2012-10-15-US-EEP-Presidents-and-Jobs.csv,cache,2847,/Users/pradyu/Documents/New project 4/data/raw/csv/us-2532.csv,reused cached raw response
2026-05-01T21:21:15.745612+00:00,page,https://kentclarkcenter.org/surveys/medicare/,cache,364232,/Users/pradyu/Documents/New project 4/data/raw/page/medicare.html,reused cached raw response
2026-05-01T21:21:15.801652+00:00,csv,https://kentclarkcenter.org/wp-content/uploads/2020/12/2012-10-23-US-EEP-Medicare.csv,cache,6070,/Users/pradyu/Documents/New project 4/data/raw/csv/us-medicare.csv,reused cached raw response
2026-05-01T21:21:15.802653+00:00,page,https://kentclarkcenter.org/surveys/manufacturing/,cache,368343,/Users/pradyu/Documents/New project 4/data/raw/page/manufacturing.html,reused cached raw response
2026-05-01T21:21:15.859730+00:00,csv,https://kentclarkcenter.org/wp-content/uploads/2020/12/2012-10-30-US-EEP-Manufacturing.csv,cache,5652,/Users/pradyu/Documents/New project 4/data/raw/csv/us-manufacturing.csv,reused cached raw response
2026-05-01T21:21:15.860637+00:00,page,https://kentclarkcenter.org/surveys/ten-year-budgets/,cache,364925,/Users/pradyu/Documents/New project 4/data/raw/page/ten-year-budgets.html,reused cached raw response
2026-05-01T21:21:15.917193+00:00,csv,https://kentclarkcenter.org/wp-content/uploads/2020/12/2012-11-20-US-EEP-Ten-year-Budgets.csv,cache,4809,/Users/pradyu/Documents/New project 4/data/raw/csv/us-ten-year-budgets.csv,reused cached raw response
2026-05-01T21:21:15.918118+00:00,page,https://kentclarkcenter.org/surveys/carbon-taxes-ii/,cache,274287,/Users/pradyu/Documents/New project 4/data/raw/page/carbon-taxes-ii.html,reused cached raw response
2026-05-01T21:21:15.956952+00:00,csv,https://kentclarkcenter.org/wp-content/uploads/2020/12/2012-12-04-US-EEP-Carbon-Taxes-II.csv,cache,2915,/Users/pradyu/Documents/New project 4/data/raw/csv/us-carbon-taxes-ii.csv,reused cached raw response
2026-05-01T21:21:15.957511+00:00,page,https://kentclarkcenter.org/surveys/indexing/,cache,267964,/Users/pradyu/Documents/New project 4/data/raw/page/indexing.html,reused cached raw response
2026-05-01T21:21:15.989966+00:00,csv,https://kentclarkcenter.org/wp-content/uploads/2020/12/2012-12-18-US-EEP-Indexing.csv,cache,2892,/Users/pradyu/Documents/New project 4/data/raw/csv/us-indexing.csv,reused cached raw response
2026-05-01T21:21:15.990514+00:00,page,https://kentclarkcenter.org/surveys/debt-ceiling/,cache,271716,/Users/pradyu/Documents/New project 4/data/raw/page/debt-ceiling.html,reused cached raw response
2026-05-01T21:21:16.026892+00:00,csv,https://kentclarkcenter.org/wp-content/uploads/2020/12/2013-01-15-US-EEP-Debt-Ceiling.csv,cache,2476,/Users/pradyu/Documents/New project 4/data/raw/csv/us-debt-ceiling.csv,reused cached raw response
2026-05-01T21:21:16.027441+00:00,page,https://kentclarkcenter.org/surveys/high-skilled-immigrants/,cache,273776,/Users/pradyu/Documents/New project 4/data/raw/page/high-skilled-immigrants.html,reused cached raw response
2026-05-01T21:21:16.061701+00:00,csv,https://kentclarkcenter.org/wp-content/uploads/2020/12/2013-02-12-US-EEP-High-skilled-Immigrants.csv,cache,2341,/Users/pradyu/Documents/New project 4/data/raw/csv/us-high-skilled-immigrants.csv,reused cached raw response
2026-05-01T21:21:16.062246+00:00,page,https://kentclarkcenter.org/surveys/minimum-wage/,cache,364010,/Users/pradyu/Documents/New project 4/data/raw/page/minimum-wage.html,reused cached raw response
2026-05-01T21:21:16.121327+00:00,csv,https://kentclarkcenter.org/wp-content/uploads/2020/12/2013-02-26-US-EEP-Minimum-Wage.csv,cache,5419,/Users/pradyu/Documents/New project 4/data/raw/csv/us-minimum-wage.csv,reused cached raw response
2026-05-01T21:21:16.122269+00:00,page,https://kentclarkcenter.org/surveys/early-education/,cache,266474,/Users/pradyu/Documents/New project 4/data/raw/page/early-education.html,reused cached raw response
2026-05-01T21:21:16.155897+00:00,csv,https://kentclarkcenter.org/wp-content/uploads/2020/12/2013-03-12-US-EEP-Early-Education.csv,cache,3220,/Users/pradyu/Documents/New project 4/data/raw/csv/us-early-education.csv,reused cached raw response
2026-05-01T21:21:16.156489+00:00,page,https://kentclarkcenter.org/surveys/charitable-deductions/,cache,270731,/Users/pradyu/Documents/New project 4/data/raw/page/charitable-deductions.html,reused cached raw response
2026-05-01T21:21:16.190862+00:00,csv,https://kentclarkcenter.org/wp-content/uploads/2020/12/2013-05-07-US-EEP-Charitable-Deductions.csv,cache,3244,/Users/pradyu/Documents/New project 4/data/raw/csv/us-charitable-deductions.csv,reused cached raw response
2026-05-01T21:21:16.191432+00:00,page,https://kentclarkcenter.org/surveys/infrastructure/,cache,359445,/Users/pradyu/Documents/New project 4/data/raw/page/infrastructure.html,reused cached raw response
2026-05-01T21:21:16.242220+00:00,csv,https://kentclarkcenter.org/wp-content/uploads/2020/12/2013-05-23-US-EEP-Infrastructure.csv,cache,5549,/Users/pradyu/Documents/New project 4/data/raw/csv/us-infrastructure.csv,reused cached raw response
2026-05-01T21:21:16.243131+00:00,page,https://kentclarkcenter.org/surveys/fiscal-policy-and-savings/,cache,267614,/Users/pradyu/Documents/New project 4/data/raw/page/fiscal-policy-and-savings.html,reused cached raw response
2026-05-01T21:21:16.284011+00:00,csv,https://kentclarkcenter.org/wp-content/uploads/2020/12/2013-07-08-US-EEP-Fiscal-Policy-and-Savings.csv,cache,2257,/Users/pradyu/Documents/New project 4/data/raw/csv/us-fiscal-policy-and-savings.csv,reused cached raw response
2026-05-01T21:21:16.284550+00:00,page,https://kentclarkcenter.org/surveys/savings-behavior/,cache,274336,/Users/pradyu/Documents/New project 4/data/raw/page/savings-behavior.html,reused cached raw response
2026-05-01T21:21:16.317874+00:00,csv,https://kentclarkcenter.org/wp-content/uploads/2020/12/2013-07-24-US-EEP-Savings-Behavior.csv,cache,2530,/Users/pradyu/Documents/New project 4/data/raw/csv/us-savings-behavior.csv,reused cached raw response
2026-05-01T21:21:16.318404+00:00,page,https://kentclarkcenter.org/surveys/student-credit-risk/,cache,264196,/Users/pradyu/Documents/New project 4/data/raw/page/student-credit-risk.html,reused cached raw response
2026-05-01T21:21:16.349645+00:00,csv,https://kentclarkcenter.org/wp-content/uploads/2020/12/2013-08-08-US-EEP-Student-Credit-Risk.csv,cache,3726,/Users/pradyu/Documents/New project 4/data/raw/csv/us-student-credit-risk.csv,reused cached raw response
2026-05-01T21:21:16.350214+00:00,page,https://kentclarkcenter.org/surveys/capital-outflows/,cache,260412,/Users/pradyu/Documents/New project 4/data/raw/page/capital-outflows.html,reused cached raw response
2026-05-01T21:21:16.383709+00:00,csv,https://kentclarkcenter.org/wp-content/uploads/2020/12/2013-09-26-US-EEP-Capital-Outflows.csv,cache,2476,/Users/pradyu/Documents/New project 4/data/raw/csv/us-capital-outflows.csv,reused cached raw response
2026-05-01T21:21:16.384242+00:00,page,https://kentclarkcenter.org/surveys/us-fiscal-risks/,cache,346106,/Users/pradyu/Documents/New project 4/data/raw/page/us-fiscal-risks.html,reused cached raw response
2026-05-01T21:21:16.436080+00:00,csv,https://kentclarkcenter.org/wp-content/uploads/2020/12/2013-10-08-US-EEP-US-Fiscal-Risks.csv,cache,4250,/Users/pradyu/Documents/New project 4/data/raw/csv/us-us-fiscal-risks.csv,reused cached raw response
2026-05-01T21:21:16.436951+00:00,page,https://kentclarkcenter.org/surveys/fed-policy/,cache,351128,/Users/pradyu/Documents/New project 4/data/raw/page/fed-policy.html,reused cached raw response
2026-05-01T21:21:16.490262+00:00,csv,https://kentclarkcenter.org/wp-content/uploads/2020/12/2013-11-06-US-EEP-Fed-Policy.csv,cache,4509,/Users/pradyu/Documents/New project 4/data/raw/csv/us-fed-policy.csv,reused cached raw response
2026-05-01T21:21:16.491082+00:00,page,https://kentclarkcenter.org/surveys/diversification/,cache,292002,/Users/pradyu/Documents/New project 4/data/raw/page/diversification.html,reused cached raw response
2026-05-01T21:21:16.533343+00:00,csv,https://kentclarkcenter.org/wp-content/uploads/2020/12/2013-11-20-US-EEP-Diversification.csv,cache,3346,/Users/pradyu/Documents/New project 4/data/raw/csv/us-diversification.csv,reused cached raw response
2026-05-01T21:21:16.534006+00:00,page,https://kentclarkcenter.org/surveys/low-skilled-immigrants/,cache,398404,/Users/pradyu/Documents/New project 4/data/raw/page/low-skilled-immigrants.html,reused cached raw response
2026-05-01T21:21:16.597860+00:00,csv,https://kentclarkcenter.org/wp-content/uploads/2020/12/2013-12-10-US-EEP-Low-skilled-Immigrants.csv,cache,7037,/Users/pradyu/Documents/New project 4/data/raw/csv/us-low-skilled-immigrants.csv,reused cached raw response
2026-05-01T21:21:16.598899+00:00,page,https://kentclarkcenter.org/surveys/surge-pricing/,cache,292666,/Users/pradyu/Documents/New project 4/data/raw/page/surge-pricing.html,reused cached raw response
2026-05-01T21:21:16.639983+00:00,csv,https://kentclarkcenter.org/wp-content/uploads/2020/12/2014-01-13-US-EEP-Surge-Pricing.csv,cache,3984,/Users/pradyu/Documents/New project 4/data/raw/csv/us-surge-pricing.csv,reused cached raw response
2026-05-01T21:21:16.640680+00:00,page,https://kentclarkcenter.org/surveys/chairman-bernanke/,cache,290101,/Users/pradyu/Documents/New project 4/data/raw/page/chairman-bernanke.html,reused cached raw response
2026-05-01T21:21:16.684498+00:00,csv,https://kentclarkcenter.org/wp-content/uploads/2020/12/2014-01-28-US-EEP-Chairman-Bernanke.csv,cache,5160,/Users/pradyu/Documents/New project 4/data/raw/csv/us-chairman-bernanke.csv,reused cached raw response
2026-05-01T21:21:16.685262+00:00,page,https://kentclarkcenter.org/surveys/robots/,cache,390262,/Users/pradyu/Documents/New project 4/data/raw/page/robots.html,reused cached raw response
2026-05-01T21:21:16.746283+00:00,csv,https://kentclarkcenter.org/wp-content/uploads/2020/12/2014-02-25-US-EEP-Robots.csv,cache,5707,/Users/pradyu/Documents/New project 4/data/raw/csv/us-robots.csv,reused cached raw response
2026-05-01T21:21:16.747278+00:00,page,https://kentclarkcenter.org/surveys/college-athletes/,cache,290180,/Users/pradyu/Documents/New project 4/data/raw/page/college-athletes.html,reused cached raw response
2026-05-01T21:21:16.787507+00:00,csv,https://kentclarkcenter.org/wp-content/uploads/2020/12/2014-04-07-US-EEP-College-Athletes.csv,cache,3686,/Users/pradyu/Documents/New project 4/data/raw/csv/us-college-athletes.csv,reused cached raw response
2026-05-01T21:21:16.788232+00:00,page,https://kentclarkcenter.org/surveys/european-debt-2/,cache,286108,/Users/pradyu/Documents/New project 4/data/raw/page/european-debt-2.html,reused cached raw response
2026-05-01T21:21:16.828714+00:00,csv,https://kentclarkcenter.org/wp-content/uploads/2020/12/2014-04-22-US-EEP-European-Debt.csv,cache,3229,/Users/pradyu/Documents/New project 4/data/raw/csv/us-european-debt-2.csv,reused cached raw response
2026-05-01T21:21:16.829338+00:00,page,https://kentclarkcenter.org/surveys/coronavirus-relief/,cache,403859,/Users/pradyu/Documents/New project 4/data/raw/page/coronavirus-relief.html,reused cached raw response
2026-05-01T21:21:16.896318+00:00,csv,https://kentclarkcenter.org/wp-content/uploads/2021/02/2021-02-08-US-EEP-Coronavirus-Relief.csv,cache,6356,/Users/pradyu/Documents/New project 4/data/raw/csv/us-coronavirus-relief.csv,reused cached raw response
2026-05-01T21:21:16.897331+00:00,page,https://kentclarkcenter.org/surveys/patents/,cache,377317,/Users/pradyu/Documents/New project 4/data/raw/page/patents.html,reused cached raw response
2026-05-01T21:21:16.957402+00:00,csv,https://kentclarkcenter.org/wp-content/uploads/2020/12/2014-06-24-US-EEP-Patents.csv,cache,4420,/Users/pradyu/Documents/New project 4/data/raw/csv/us-patents.csv,reused cached raw response
2026-05-01T21:21:16.958357+00:00,page,https://kentclarkcenter.org/surveys/congress-and-monetary-policy/,cache,285056,/Users/pradyu/Documents/New project 4/data/raw/page/congress-and-monetary-policy.html,reused cached raw response
2026-05-01T21:21:16.996680+00:00,csv,https://kentclarkcenter.org/wp-content/uploads/2020/12/2014-07-14-US-EEP-Congress-and-Monetary-Policy.csv,cache,4247,/Users/pradyu/Documents/New project 4/data/raw/csv/us-congress-and-monetary-policy.csv,reused cached raw response
2026-05-01T21:21:16.997401+00:00,page,https://kentclarkcenter.org/surveys/fracking-revisited/,cache,281908,/Users/pradyu/Documents/New project 4/data/raw/page/fracking-revisited.html,reused cached raw response
2026-05-01T21:21:17.035787+00:00,csv,https://kentclarkcenter.org/wp-content/uploads/2020/12/2014-08-12-US-EEP-Fracking-revisited.csv,cache,3976,/Users/pradyu/Documents/New project 4/data/raw/csv/us-fracking-revisited.csv,reused cached raw response
2026-05-01T21:21:17.036489+00:00,page,https://kentclarkcenter.org/surveys/cubas-economy/,cache,272493,/Users/pradyu/Documents/New project 4/data/raw/page/cubas-economy.html,reused cached raw response
2026-05-01T21:21:17.075293+00:00,csv,https://kentclarkcenter.org/wp-content/uploads/2020/12/2012-05-15-US-EEP-Cubas-Economy.csv,cache,3106,/Users/pradyu/Documents/New project 4/data/raw/csv/us-cubas-economy.csv,reused cached raw response
2026-05-01T21:21:17.075932+00:00,page,https://kentclarkcenter.org/surveys/cable-satellite-tv-fees/,cache,265395,/Users/pradyu/Documents/New project 4/data/raw/page/cable-satellite-tv-fees.html,reused cached raw response
2026-05-01T21:21:17.108187+00:00,csv,https://kentclarkcenter.org/wp-content/uploads/2020/12/2012-07-24-US-EEP-Cable-satellite-TV-Fees.csv,cache,2748,/Users/pradyu/Documents/New project 4/data/raw/csv/us-cable-satellite-tv-fees.csv,reused cached raw response
2026-05-01T21:21:17.108809+00:00,page,https://kentclarkcenter.org/surveys/obesity-and-soft-drinks/,cache,265791,/Users/pradyu/Documents/New project 4/data/raw/page/obesity-and-soft-drinks.html,reused cached raw response
2026-05-01T21:21:17.140740+00:00,csv,https://kentclarkcenter.org/wp-content/uploads/2020/12/2012-08-07-US-EEP-Obesity-and-Soft-Drinks.csv,cache,2803,/Users/pradyu/Documents/New project 4/data/raw/csv/us-obesity-and-soft-drinks.csv,reused cached raw response
2026-05-01T21:21:17.141296+00:00,page,https://kentclarkcenter.org/surveys/big-banks/,cache,360813,/Users/pradyu/Documents/New project 4/data/raw/page/big-banks.html,reused cached raw response
2026-05-01T21:21:17.192144+00:00,csv,https://kentclarkcenter.org/wp-content/uploads/2020/12/2012-11-06-US-EEP-Big-Banks.csv,cache,4579,/Users/pradyu/Documents/New project 4/data/raw/csv/us-big-banks.csv,reused cached raw response
2026-05-01T21:21:17.193064+00:00,page,https://kentclarkcenter.org/surveys/bailouts-banks-and-automakers/,cache,454842,/Users/pradyu/Documents/New project 4/data/raw/page/bailouts-banks-and-automakers.html,reused cached raw response
2026-05-01T21:21:17.274283+00:00,csv,https://kentclarkcenter.org/wp-content/uploads/2020/12/2012-11-13-US-EEP-Bailouts-Banks-and-Automakers.csv,cache,6610,/Users/pradyu/Documents/New project 4/data/raw/csv/us-bailouts-banks-and-automakers.csv,reused cached raw response
2026-05-01T21:21:17.275675+00:00,page,https://kentclarkcenter.org/surveys/japans-deflation/,cache,263953,/Users/pradyu/Documents/New project 4/data/raw/page/japans-deflation.html,reused cached raw response
2026-05-01T21:21:17.308877+00:00,csv,https://kentclarkcenter.org/wp-content/uploads/2020/12/2013-01-29-US-EEP-Japans-Deflation.csv,cache,2139,/Users/pradyu/Documents/New project 4/data/raw/csv/us-japans-deflation.csv,reused cached raw response
2026-05-01T21:21:17.309463+00:00,page,https://kentclarkcenter.org/surveys/trade-deals/,cache,271743,/Users/pradyu/Documents/New project 4/data/raw/page/trade-deals.html,reused cached raw response
2026-05-01T21:21:17.344765+00:00,csv,https://kentclarkcenter.org/wp-content/uploads/2020/12/2013-03-27-US-EEP-Trade-Deals.csv,cache,3445,/Users/pradyu/Documents/New project 4/data/raw/csv/us-trade-deals.csv,reused cached raw response
2026-05-01T21:21:17.345389+00:00,page,https://kentclarkcenter.org/surveys/high-debt-countries/,cache,273835,/Users/pradyu/Documents/New project 4/data/raw/page/high-debt-countries.html,reused cached raw response
2026-05-01T21:21:17.383286+00:00,csv,https://kentclarkcenter.org/wp-content/uploads/2020/12/2013-04-09-US-EEP-High-Debt-Countries.csv,cache,3105,/Users/pradyu/Documents/New project 4/data/raw/csv/us-high-debt-countries.csv,reused cached raw response
2026-05-01T21:21:17.383860+00:00,page,https://kentclarkcenter.org/surveys/lng-exports/,cache,269443,/Users/pradyu/Documents/New project 4/data/raw/page/lng-exports.html,reused cached raw response
2026-05-01T21:21:17.417200+00:00,csv,https://kentclarkcenter.org/wp-content/uploads/2020/12/2013-06-05-US-EEP-LNG-Exports.csv,cache,2795,/Users/pradyu/Documents/New project 4/data/raw/csv/us-lng-exports.csv,reused cached raw response
2026-05-01T21:21:17.417775+00:00,page,https://kentclarkcenter.org/surveys/fogel-on-slavery-2/,cache,264833,/Users/pradyu/Documents/New project 4/data/raw/page/fogel-on-slavery-2.html,reused cached raw response
2026-05-01T21:21:17.453258+00:00,csv,https://kentclarkcenter.org/wp-content/uploads/2020/12/2013-06-21-US-EEP-Fogel-on-Slavery.csv,cache,2905,/Users/pradyu/Documents/New project 4/data/raw/csv/us-fogel-on-slavery-2.csv,reused cached raw response
2026-05-01T21:21:17.453982+00:00,page,https://kentclarkcenter.org/surveys/christmas-spending/,cache,272553,/Users/pradyu/Documents/New project 4/data/raw/page/christmas-spending.html,reused cached raw response
2026-05-01T21:21:17.489456+00:00,csv,https://kentclarkcenter.org/wp-content/uploads/2020/12/2015-12-22-US-EEP-Christmas-Spending.csv,cache,2966,/Users/pradyu/Documents/New project 4/data/raw/csv/us-christmas-spending.csv,reused cached raw response
2026-05-01T21:21:17.490069+00:00,page,https://kentclarkcenter.org/surveys/bah-humbug/,cache,293101,/Users/pradyu/Documents/New project 4/data/raw/page/bah-humbug.html,reused cached raw response
2026-05-01T21:21:17.532783+00:00,csv,https://kentclarkcenter.org/wp-content/uploads/2020/12/2013-12-17-US-EEP-Bah-Humbug.csv,cache,5220,/Users/pradyu/Documents/New project 4/data/raw/csv/us-bah-humbug.csv,reused cached raw response
2026-05-01T21:21:17.533457+00:00,page,https://kentclarkcenter.org/surveys/supplying-kidneys/,cache,278570,/Users/pradyu/Documents/New project 4/data/raw/page/supplying-kidneys.html,reused cached raw response
2026-05-01T21:21:17.572362+00:00,csv,https://kentclarkcenter.org/wp-content/uploads/2020/12/2014-03-11-US-EEP-Supplying-Kidneys.csv,cache,3706,/Users/pradyu/Documents/New project 4/data/raw/csv/us-supplying-kidneys.csv,reused cached raw response
2026-05-01T21:21:17.572994+00:00,page,https://kentclarkcenter.org/surveys/russia-sanctions/,cache,282726,/Users/pradyu/Documents/New project 4/data/raw/page/russia-sanctions.html,reused cached raw response
2026-05-01T21:21:17.611041+00:00,csv,https://kentclarkcenter.org/wp-content/uploads/2020/12/2014-03-25-US-EEP-Russia-Sanctions.csv,cache,3748,/Users/pradyu/Documents/New project 4/data/raw/csv/us-russia-sanctions.csv,reused cached raw response
2026-05-01T21:21:17.611677+00:00,page,https://kentclarkcenter.org/surveys/gary-becker/,cache,392478,/Users/pradyu/Documents/New project 4/data/raw/page/gary-becker.html,reused cached raw response
2026-05-01T21:21:17.676459+00:00,csv,https://kentclarkcenter.org/wp-content/uploads/2020/12/2014-05-20-US-EEP-Gary-Becker.csv,cache,5325,/Users/pradyu/Documents/New project 4/data/raw/csv/us-gary-becker.csv,reused cached raw response
2026-05-01T21:21:17.677466+00:00,page,https://kentclarkcenter.org/surveys/scottish-independence/,cache,284084,/Users/pradyu/Documents/New project 4/data/raw/page/scottish-independence.html,reused cached raw response
2026-05-01T21:21:17.716576+00:00,csv,https://kentclarkcenter.org/wp-content/uploads/2020/12/2014-09-15-US-EEP-Scottish-Independence.csv,cache,3416,/Users/pradyu/Documents/New project 4/data/raw/csv/us-scottish-independence.csv,reused cached raw response
2026-05-01T21:21:17.717228+00:00,page,https://kentclarkcenter.org/surveys/piketty-on-inequality/,cache,279377,/Users/pradyu/Documents/New project 4/data/raw/page/piketty-on-inequality.html,reused cached raw response
2026-05-01T21:21:17.756217+00:00,csv,https://kentclarkcenter.org/wp-content/uploads/2020/12/2014-10-14-US-EEP-Piketty-on-Inequality.csv,cache,4099,/Users/pradyu/Documents/New project 4/data/raw/csv/us-piketty-on-inequality.csv,reused cached raw response
2026-05-01T21:21:17.756864+00:00,page,https://kentclarkcenter.org/surveys/greeces-referendum/,cache,278259,/Users/pradyu/Documents/New project 4/data/raw/page/greeces-referendum.html,reused cached raw response
2026-05-01T21:21:17.794379+00:00,csv,https://kentclarkcenter.org/wp-content/uploads/2020/12/2015-07-04-US-EEP-Greeces-Referendum.csv,cache,3404,/Users/pradyu/Documents/New project 4/data/raw/csv/us-greeces-referendum.csv,reused cached raw response
2026-05-01T21:21:17.795024+00:00,page,https://kentclarkcenter.org/surveys/standardized-tests/,cache,280631,/Users/pradyu/Documents/New project 4/data/raw/page/standardized-tests.html,reused cached raw response
2026-05-01T21:21:17.833122+00:00,csv,https://kentclarkcenter.org/wp-content/uploads/2020/12/2015-11-03-US-EEP-Standardized-Tests.csv,cache,3285,/Users/pradyu/Documents/New project 4/data/raw/csv/us-standardized-tests.csv,reused cached raw response
2026-05-01T21:21:17.833728+00:00,page,https://kentclarkcenter.org/surveys/nash-equilibrium/,cache,282832,/Users/pradyu/Documents/New project 4/data/raw/page/nash-equilibrium.html,reused cached raw response
2026-05-01T21:21:17.873889+00:00,csv,https://kentclarkcenter.org/wp-content/uploads/2020/12/2015-06-02-US-EEP-Nash-Equilibrium.csv,cache,3146,/Users/pradyu/Documents/New project 4/data/raw/csv/us-nash-equilibrium.csv,reused cached raw response
2026-05-01T21:21:17.874502+00:00,page,https://kentclarkcenter.org/surveys/vaccines-in-europe/,cache,524814,/Users/pradyu/Documents/New project 4/data/raw/page/vaccines-in-europe.html,reused cached raw response
2026-05-01T21:21:17.969085+00:00,csv,https://kentclarkcenter.org/wp-content/uploads/2021/03/2021-03-09-Euro-EEP-Vaccines-in-Europe.csv,cache,7668,/Users/pradyu/Documents/New project 4/data/raw/csv/europe-vaccines-in-europe.csv,reused cached raw response
2026-05-01T21:21:17.970633+00:00,page,https://kentclarkcenter.org/surveys/pricing-emissions/,cache,286277,/Users/pradyu/Documents/New project 4/data/raw/page/pricing-emissions.html,reused cached raw response
2026-05-01T21:21:18.009635+00:00,csv,https://kentclarkcenter.org/wp-content/uploads/2021/03/2021-03-09-US-EEP-Pricing-Emissions.csv,cache,2762,/Users/pradyu/Documents/New project 4/data/raw/csv/us-pricing-emissions.csv,reused cached raw response
2026-05-01T21:21:18.010251+00:00,page,https://kentclarkcenter.org/surveys/oil-price-speculation/,cache,277837,/Users/pradyu/Documents/New project 4/data/raw/page/oil-price-speculation.html,reused cached raw response
2026-05-01T21:21:18.050954+00:00,csv,https://kentclarkcenter.org/wp-content/uploads/2020/12/2016-02-16-US-EEP-Oil-Price-Speculation.csv,cache,3206,/Users/pradyu/Documents/New project 4/data/raw/csv/us-oil-price-speculation.csv,reused cached raw response
2026-05-01T21:21:18.051561+00:00,page,https://kentclarkcenter.org/surveys/primary-voting/,cache,385172,/Users/pradyu/Documents/New project 4/data/raw/page/primary-voting.html,reused cached raw response
2026-05-01T21:21:18.107123+00:00,csv,https://kentclarkcenter.org/wp-content/uploads/2020/12/2016-03-07-US-EEP-Primary-Voting.csv,cache,5002,/Users/pradyu/Documents/New project 4/data/raw/csv/us-primary-voting.csv,reused cached raw response
2026-05-01T21:21:18.108079+00:00,page,https://kentclarkcenter.org/surveys/att-and-time-warner/,cache,268836,/Users/pradyu/Documents/New project 4/data/raw/page/att-and-time-warner.html,reused cached raw response
2026-05-01T21:21:18.141009+00:00,csv,https://kentclarkcenter.org/wp-content/uploads/2020/12/2016-11-08-US-EEP-ATT-and-TIme-Warner.csv,cache,2518,/Users/pradyu/Documents/New project 4/data/raw/csv/us-att-and-time-warner.csv,reused cached raw response
2026-05-01T21:21:18.141627+00:00,page,https://kentclarkcenter.org/surveys/u-s-state-budgets-revisited/,cache,380410,/Users/pradyu/Documents/New project 4/data/raw/page/u-s-state-budgets-revisited.html,reused cached raw response
2026-05-01T21:21:18.197112+00:00,csv,https://kentclarkcenter.org/wp-content/uploads/2020/12/2014-08-26-US-EEP-US-State-Budgets-revisited.csv,cache,4838,/Users/pradyu/Documents/New project 4/data/raw/csv/us-u-s-state-budgets-revisited.csv,reused cached raw response
2026-05-01T21:21:18.198133+00:00,page,https://kentclarkcenter.org/surveys/u-s-state-budgets/,cache,379000,/Users/pradyu/Documents/New project 4/data/raw/page/u-s-state-budgets.html,reused cached raw response
2026-05-01T21:21:18.261704+00:00,csv,https://kentclarkcenter.org/wp-content/uploads/2020/12/2012-10-01-US-EEP-US-State-Budgets.csv,cache,3520,/Users/pradyu/Documents/New project 4/data/raw/csv/us-u-s-state-budgets.csv,reused cached raw response
2026-05-01T21:21:18.262576+00:00,page,https://kentclarkcenter.org/surveys/infrastructure-revisited/,cache,387029,/Users/pradyu/Documents/New project 4/data/raw/page/infrastructure-revisited.html,reused cached raw response
2026-05-01T21:21:18.320228+00:00,csv,https://kentclarkcenter.org/wp-content/uploads/2020/12/2014-09-08-US-EEP-Infrastructure-revisited.csv,cache,5948,/Users/pradyu/Documents/New project 4/data/raw/csv/us-infrastructure-revisited.csv,reused cached raw response
2026-05-01T21:21:18.321464+00:00,page,https://kentclarkcenter.org/surveys/taxi-competition/,cache,284865,/Users/pradyu/Documents/New project 4/data/raw/page/taxi-competition.html,reused cached raw response
2026-05-01T21:21:18.362048+00:00,csv,https://kentclarkcenter.org/wp-content/uploads/2020/12/2014-09-29-US-EEP-Taxi-Competition.csv,cache,4002,/Users/pradyu/Documents/New project 4/data/raw/csv/us-taxi-competition.csv,reused cached raw response
2026-05-01T21:21:18.362694+00:00,page,https://kentclarkcenter.org/surveys/amazon-and-market-power/,cache,377618,/Users/pradyu/Documents/New project 4/data/raw/page/amazon-and-market-power.html,reused cached raw response
2026-05-01T21:21:18.425645+00:00,csv,https://kentclarkcenter.org/wp-content/uploads/2020/12/2014-10-28-US-EEP-Amazon-and-Market-Power.csv,cache,5606,/Users/pradyu/Documents/New project 4/data/raw/csv/us-amazon-and-market-power.csv,reused cached raw response
2026-05-01T21:21:18.426760+00:00,page,https://kentclarkcenter.org/surveys/fast-track-authority/,cache,389797,/Users/pradyu/Documents/New project 4/data/raw/page/fast-track-authority.html,reused cached raw response
2026-05-01T21:21:18.489660+00:00,csv,https://kentclarkcenter.org/wp-content/uploads/2020/12/2014-11-10-US-EEP-Fast-track-Authority.csv,cache,4023,/Users/pradyu/Documents/New project 4/data/raw/csv/us-fast-track-authority.csv,reused cached raw response
2026-05-01T21:21:18.490638+00:00,page,https://kentclarkcenter.org/surveys/repatriated-profits/,cache,366922,/Users/pradyu/Documents/New project 4/data/raw/page/repatriated-profits.html,reused cached raw response
2026-05-01T21:21:18.550324+00:00,csv,https://kentclarkcenter.org/wp-content/uploads/2020/12/2014-11-25-US-EEP-Repatriated-Profits.csv,cache,4564,/Users/pradyu/Documents/New project 4/data/raw/csv/us-repatriated-profits.csv,reused cached raw response
2026-05-01T21:21:18.551327+00:00,page,https://kentclarkcenter.org/surveys/trade-balances/,cache,272393,/Users/pradyu/Documents/New project 4/data/raw/page/trade-balances.html,reused cached raw response
2026-05-01T21:21:18.588228+00:00,csv,https://kentclarkcenter.org/wp-content/uploads/2020/12/2014-12-10-US-EEP-Trade-Balances.csv,cache,3269,/Users/pradyu/Documents/New project 4/data/raw/csv/us-trade-balances.csv,reused cached raw response
2026-05-01T21:21:18.588896+00:00,page,https://kentclarkcenter.org/surveys/economists-and-conventions/,cache,277556,/Users/pradyu/Documents/New project 4/data/raw/page/economists-and-conventions.html,reused cached raw response
2026-05-01T21:21:18.625983+00:00,csv,https://kentclarkcenter.org/wp-content/uploads/2020/12/2014-12-23-US-EEP-Economists-and-Conventions.csv,cache,3385,/Users/pradyu/Documents/New project 4/data/raw/csv/us-economists-and-conventions.csv,reused cached raw response
2026-05-01T21:21:18.626661+00:00,page,https://kentclarkcenter.org/surveys/oil-prices/,cache,284443,/Users/pradyu/Documents/New project 4/data/raw/page/oil-prices.html,reused cached raw response
2026-05-01T21:21:18.668055+00:00,csv,https://kentclarkcenter.org/wp-content/uploads/2020/12/2015-01-13-US-EEP-Oil-Prices.csv,cache,4688,/Users/pradyu/Documents/New project 4/data/raw/csv/us-oil-prices.csv,reused cached raw response
2026-05-01T21:21:18.668727+00:00,page,https://kentclarkcenter.org/surveys/textbook-prices/,cache,482539,/Users/pradyu/Documents/New project 4/data/raw/page/textbook-prices.html,reused cached raw response
2026-05-01T21:21:18.753249+00:00,csv,https://kentclarkcenter.org/wp-content/uploads/2020/12/2015-01-27-US-EEP-Textbook-Prices.csv,cache,7079,/Users/pradyu/Documents/New project 4/data/raw/csv/us-textbook-prices.csv,reused cached raw response
2026-05-01T21:21:18.754814+00:00,page,https://kentclarkcenter.org/surveys/dynamic-scoring/,cache,483675,/Users/pradyu/Documents/New project 4/data/raw/page/dynamic-scoring.html,reused cached raw response
2026-05-01T21:21:18.840280+00:00,csv,https://kentclarkcenter.org/wp-content/uploads/2020/12/2015-02-10-US-EEP-Dynamic-Scoring.csv,cache,7171,/Users/pradyu/Documents/New project 4/data/raw/csv/us-dynamic-scoring.csv,reused cached raw response
2026-05-01T21:21:18.841628+00:00,page,https://kentclarkcenter.org/surveys/vaccines/,cache,385095,/Users/pradyu/Documents/New project 4/data/raw/page/vaccines.html,reused cached raw response
2026-05-01T21:21:18.903544+00:00,csv,https://kentclarkcenter.org/wp-content/uploads/2020/12/2015-03-10-US-EEP-Vaccines.csv,cache,4663,/Users/pradyu/Documents/New project 4/data/raw/csv/us-vaccines.csv,reused cached raw response
2026-05-01T21:21:18.904615+00:00,page,https://kentclarkcenter.org/surveys/raising-interest-rates/,cache,272527,/Users/pradyu/Documents/New project 4/data/raw/page/raising-interest-rates.html,reused cached raw response
2026-05-01T21:21:18.942183+00:00,csv,https://kentclarkcenter.org/wp-content/uploads/2020/12/2015-04-07-US-EEP-Raising-Interest-Rates.csv,cache,3109,/Users/pradyu/Documents/New project 4/data/raw/csv/us-raising-interest-rates.csv,reused cached raw response
2026-05-01T21:21:18.942833+00:00,page,https://kentclarkcenter.org/surveys/californias-drought/,cache,280086,/Users/pradyu/Documents/New project 4/data/raw/page/californias-drought.html,reused cached raw response
2026-05-01T21:21:18.978795+00:00,csv,https://kentclarkcenter.org/wp-content/uploads/2020/12/2015-04-21-US-EEP-Californias-Drought.csv,cache,3680,/Users/pradyu/Documents/New project 4/data/raw/csv/us-californias-drought.csv,reused cached raw response
2026-05-01T21:21:18.979410+00:00,page,https://kentclarkcenter.org/surveys/us-median-income/,cache,281724,/Users/pradyu/Documents/New project 4/data/raw/page/us-median-income.html,reused cached raw response
2026-05-01T21:21:19.020117+00:00,csv,https://kentclarkcenter.org/wp-content/uploads/2020/12/2015-05-21-US-EEP-US-Median-Income.csv,cache,4206,/Users/pradyu/Documents/New project 4/data/raw/csv/us-us-median-income.csv,reused cached raw response
2026-05-01T21:21:19.020847+00:00,page,https://kentclarkcenter.org/surveys/currency-manipulation/,cache,361204,/Users/pradyu/Documents/New project 4/data/raw/page/currency-manipulation.html,reused cached raw response
2026-05-01T21:21:19.072166+00:00,csv,https://kentclarkcenter.org/wp-content/uploads/2020/12/2015-06-16-US-EEP-Currency-Manipulation.csv,cache,4433,/Users/pradyu/Documents/New project 4/data/raw/csv/us-currency-manipulation.csv,reused cached raw response
2026-05-01T21:21:19.073103+00:00,page,https://kentclarkcenter.org/surveys/15-minimum-wage/,cache,378495,/Users/pradyu/Documents/New project 4/data/raw/page/15-minimum-wage.html,reused cached raw response
2026-05-01T21:21:19.127429+00:00,csv,https://kentclarkcenter.org/wp-content/uploads/2020/12/2015-09-22-US-EEP-15-Minimum-Wage.csv,cache,5752,/Users/pradyu/Documents/New project 4/data/raw/csv/us-15-minimum-wage.csv,reused cached raw response
2026-05-01T21:21:19.128409+00:00,page,https://kentclarkcenter.org/surveys/health-insurance-subsidies/,cache,385932,/Users/pradyu/Documents/New project 4/data/raw/page/health-insurance-subsidies.html,reused cached raw response
2026-05-01T21:21:19.184139+00:00,csv,https://kentclarkcenter.org/wp-content/uploads/2020/12/2015-10-05-US-EEP-Health-Insurance-Subsidies.csv,cache,5145,/Users/pradyu/Documents/New project 4/data/raw/csv/us-health-insurance-subsidies.csv,reused cached raw response
2026-05-01T21:21:19.185131+00:00,page,https://kentclarkcenter.org/surveys/poverty-and-measurement/,cache,368439,/Users/pradyu/Documents/New project 4/data/raw/page/poverty-and-measurement.html,reused cached raw response
2026-05-01T21:21:19.249039+00:00,csv,https://kentclarkcenter.org/wp-content/uploads/2020/12/2015-10-20-US-EEP-Poverty-and-Measurement.csv,cache,5259,/Users/pradyu/Documents/New project 4/data/raw/csv/us-poverty-and-measurement.csv,reused cached raw response
2026-05-01T21:21:19.249979+00:00,page,https://kentclarkcenter.org/surveys/chinas-growth/,cache,279082,/Users/pradyu/Documents/New project 4/data/raw/page/chinas-growth.html,reused cached raw response
2026-05-01T21:21:19.286278+00:00,csv,https://kentclarkcenter.org/wp-content/uploads/2020/12/2016-01-19-US-EEP-Chinas-Growth.csv,cache,3054,/Users/pradyu/Documents/New project 4/data/raw/csv/us-chinas-growth.csv,reused cached raw response
2026-05-01T21:21:19.286892+00:00,page,https://kentclarkcenter.org/surveys/100-day-plan/,cache,362300,/Users/pradyu/Documents/New project 4/data/raw/page/100-day-plan.html,reused cached raw response
2026-05-01T21:21:19.339158+00:00,csv,https://kentclarkcenter.org/wp-content/uploads/2020/12/2016-11-16-US-EEP-100-Day-Plan.csv,cache,5384,/Users/pradyu/Documents/New project 4/data/raw/csv/us-100-day-plan.csv,reused cached raw response
2026-05-01T21:21:19.340169+00:00,page,https://kentclarkcenter.org/surveys/trade-and-toughness/,cache,274297,/Users/pradyu/Documents/New project 4/data/raw/page/trade-and-toughness.html,reused cached raw response
2026-05-01T21:21:19.378875+00:00,csv,https://kentclarkcenter.org/wp-content/uploads/2020/12/2016-03-22-US-EEP-Trade-and-Toughness.csv,cache,3649,/Users/pradyu/Documents/New project 4/data/raw/csv/us-trade-and-toughness.csv,reused cached raw response
2026-05-01T21:21:19.379497+00:00,page,https://kentclarkcenter.org/surveys/bureau-of-labor-statistics/,cache,378232,/Users/pradyu/Documents/New project 4/data/raw/page/bureau-of-labor-statistics.html,reused cached raw response
2026-05-01T21:21:19.438947+00:00,csv,https://kentclarkcenter.org/wp-content/uploads/2020/12/2016-04-12-US-EEP-Bureau-of-Labor-Statistics.csv,cache,2415,/Users/pradyu/Documents/New project 4/data/raw/csv/us-bureau-of-labor-statistics.csv,reused cached raw response
2026-05-01T21:21:19.439579+00:00,page,https://kentclarkcenter.org/surveys/breaking-up-banks/,cache,364832,/Users/pradyu/Documents/New project 4/data/raw/page/breaking-up-banks.html,reused cached raw response
2026-05-01T21:21:19.495845+00:00,csv,https://kentclarkcenter.org/wp-content/uploads/2020/12/2016-05-03-US-EEP-Breaking-Up-Banks.csv,cache,6155,/Users/pradyu/Documents/New project 4/data/raw/csv/us-breaking-up-banks.csv,reused cached raw response
2026-05-01T21:21:19.496883+00:00,page,https://kentclarkcenter.org/surveys/cadillac-tax/,cache,273849,/Users/pradyu/Documents/New project 4/data/raw/page/cadillac-tax.html,reused cached raw response
2026-05-01T21:21:19.534870+00:00,csv,https://kentclarkcenter.org/wp-content/uploads/2020/12/2016-05-17-US-EEP-Cadillac-Tax.csv,cache,2479,/Users/pradyu/Documents/New project 4/data/raw/csv/us-cadillac-tax.csv,reused cached raw response
2026-05-01T21:21:19.535460+00:00,page,https://kentclarkcenter.org/surveys/inequality-and-monetary-policy/,cache,274537,/Users/pradyu/Documents/New project 4/data/raw/page/inequality-and-monetary-policy.html,reused cached raw response
2026-05-01T21:21:19.572583+00:00,csv,https://kentclarkcenter.org/wp-content/uploads/2020/12/2016-06-07-US-EEP-Inequality-and-Monetary-Policy.csv,cache,3766,/Users/pradyu/Documents/New project 4/data/raw/csv/us-inequality-and-monetary-policy.csv,reused cached raw response
2026-05-01T21:21:19.573259+00:00,page,https://kentclarkcenter.org/surveys/universal-basic-income/,cache,277713,/Users/pradyu/Documents/New project 4/data/raw/page/universal-basic-income.html,reused cached raw response
2026-05-01T21:21:19.611960+00:00,csv,https://kentclarkcenter.org/wp-content/uploads/2020/12/2016-06-28-US-EEP-Universal-Basic-Income.csv,cache,4104,/Users/pradyu/Documents/New project 4/data/raw/csv/us-universal-basic-income.csv,reused cached raw response
2026-05-01T21:21:19.612772+00:00,page,https://kentclarkcenter.org/surveys/brexit-ii/,cache,386949,/Users/pradyu/Documents/New project 4/data/raw/page/brexit-ii.html,reused cached raw response
2026-05-01T21:21:19.679648+00:00,csv,https://kentclarkcenter.org/wp-content/uploads/2020/12/2016-07-12-US-EEP-Brexit-II.csv,cache,5130,/Users/pradyu/Documents/New project 4/data/raw/csv/us-brexit-ii.csv,reused cached raw response
2026-05-01T21:21:19.680600+00:00,page,https://kentclarkcenter.org/surveys/science-technology-and-immigration/,cache,382287,/Users/pradyu/Documents/New project 4/data/raw/page/science-technology-and-immigration.html,reused cached raw response
2026-05-01T21:21:19.741807+00:00,csv,https://kentclarkcenter.org/wp-content/uploads/2020/12/2016-09-20-US-EEP-Science-Technology-and-Immigration.csv,cache,5594,/Users/pradyu/Documents/New project 4/data/raw/csv/us-science-technology-and-immigration.csv,reused cached raw response
2026-05-01T21:21:19.742841+00:00,page,https://kentclarkcenter.org/surveys/import-duties/,cache,282122,/Users/pradyu/Documents/New project 4/data/raw/page/import-duties.html,reused cached raw response
2026-05-01T21:21:19.778929+00:00,csv,https://kentclarkcenter.org/wp-content/uploads/2020/12/2016-10-04-US-EEP-Import-Duties.csv,cache,2831,/Users/pradyu/Documents/New project 4/data/raw/csv/us-import-duties.csv,reused cached raw response
2026-05-01T21:21:19.779533+00:00,page,https://kentclarkcenter.org/surveys/taxes-and-mandatory-spending/,cache,271075,/Users/pradyu/Documents/New project 4/data/raw/page/taxes-and-mandatory-spending.html,reused cached raw response
2026-05-01T21:21:19.816395+00:00,csv,https://kentclarkcenter.org/wp-content/uploads/2020/12/2016-10-25-US-EEP-Taxes-and-Mandatory-Spending.csv,cache,2607,/Users/pradyu/Documents/New project 4/data/raw/csv/us-taxes-and-mandatory-spending.csv,reused cached raw response
2026-05-01T21:21:19.816977+00:00,page,https://kentclarkcenter.org/surveys/unemployment-benefits/,cache,439943,/Users/pradyu/Documents/New project 4/data/raw/page/unemployment-benefits.html,reused cached raw response
2026-05-01T21:21:19.892332+00:00,csv,https://kentclarkcenter.org/wp-content/uploads/2021/05/2021-05-25-US-EEP-Unemployment-Benefits.csv,cache,5791,/Users/pradyu/Documents/New project 4/data/raw/csv/us-unemployment-benefits.csv,reused cached raw response
2026-05-01T21:21:19.893353+00:00,page,https://kentclarkcenter.org/surveys/vaccines-for-developing-countries-2/,cache,419096,/Users/pradyu/Documents/New project 4/data/raw/page/vaccines-for-developing-countries-2.html,reused cached raw response
2026-05-01T21:21:19.962091+00:00,csv,https://kentclarkcenter.org/wp-content/uploads/2021/05/2021-05-11-Euro-EEP-Vaccines-for-Developing-Countries.csv,cache,4868,/Users/pradyu/Documents/New project 4/data/raw/csv/europe-vaccines-for-developing-countries-2.csv,reused cached raw response
2026-05-01T21:21:19.963142+00:00,page,https://kentclarkcenter.org/surveys/international-macroeconomics-2/,cache,480629,/Users/pradyu/Documents/New project 4/data/raw/page/international-macroeconomics-2.html,reused cached raw response
2026-05-01T21:21:20.041783+00:00,csv,https://kentclarkcenter.org/wp-content/uploads/2021/06/2021-06-02-Euro-EEP-International-Macroeconomics.csv,cache,6799,/Users/pradyu/Documents/New project 4/data/raw/csv/europe-international-macroeconomics-2.csv,reused cached raw response
2026-05-01T21:21:20.043255+00:00,page,https://kentclarkcenter.org/surveys/local-tax-incentives-2/,cache,429433,/Users/pradyu/Documents/New project 4/data/raw/page/local-tax-incentives-2.html,reused cached raw response
2026-05-01T21:21:20.108095+00:00,csv,https://kentclarkcenter.org/wp-content/uploads/2016/12/2016-12-07-Euro-EEP-Local-Tax-Incentives.csv,cache,9018,/Users/pradyu/Documents/New project 4/data/raw/csv/europe-local-tax-incentives-2.csv,reused cached raw response
2026-05-01T21:21:20.109344+00:00,page,https://kentclarkcenter.org/surveys/international-macroeconomics/,cache,441556,/Users/pradyu/Documents/New project 4/data/raw/page/international-macroeconomics.html,reused cached raw response
2026-05-01T21:21:20.189153+00:00,csv,https://kentclarkcenter.org/wp-content/uploads/2021/04/2021-04-13-US-EEP-International-Macroeconomics.csv,cache,6121,/Users/pradyu/Documents/New project 4/data/raw/csv/us-international-macroeconomics.csv,reused cached raw response
2026-05-01T21:21:20.190443+00:00,page,https://kentclarkcenter.org/surveys/local-tax-incentives/,cache,370133,/Users/pradyu/Documents/New project 4/data/raw/page/local-tax-incentives.html,reused cached raw response
2026-05-01T21:21:20.244960+00:00,csv,https://kentclarkcenter.org/wp-content/uploads/2020/12/2015-03-24-US-EEP-Local-Tax-Incentives.csv,cache,4816,/Users/pradyu/Documents/New project 4/data/raw/csv/us-local-tax-incentives.csv,reused cached raw response
2026-05-01T21:21:20.245893+00:00,page,https://kentclarkcenter.org/surveys/vaccines-for-developing-countries/,cache,408085,/Users/pradyu/Documents/New project 4/data/raw/page/vaccines-for-developing-countries.html,reused cached raw response
2026-05-01T21:21:20.307788+00:00,csv,https://kentclarkcenter.org/wp-content/uploads/2021/05/2021-05-11-US-EEP-Vaccines-for-Developing-Countries.csv,cache,5932,/Users/pradyu/Documents/New project 4/data/raw/csv/us-vaccines-for-developing-countries.csv,reused cached raw response
2026-05-01T21:21:20.308850+00:00,page,https://kentclarkcenter.org/surveys/brexit-2/,cache,434762,/Users/pradyu/Documents/New project 4/data/raw/page/brexit-2.html,reused cached raw response
2026-05-01T21:21:20.379545+00:00,csv,https://kentclarkcenter.org/wp-content/uploads/2016/12/2016-12-07-Euro-EEP-Brexit.csv,cache,10125,/Users/pradyu/Documents/New project 4/data/raw/csv/europe-brexit-2.csv,reused cached raw response
2026-05-01T21:21:20.380719+00:00,page,https://kentclarkcenter.org/surveys/aging-2/,cache,387298,/Users/pradyu/Documents/New project 4/data/raw/page/aging-2.html,reused cached raw response
2026-05-01T21:21:20.443331+00:00,csv,https://kentclarkcenter.org/wp-content/uploads/2020/12/2018-01-03-US-EEP-Aging.csv,cache,4853,/Users/pradyu/Documents/New project 4/data/raw/csv/us-aging-2.csv,reused cached raw response
2026-05-01T21:21:20.444308+00:00,page,https://kentclarkcenter.org/surveys/aging/,cache,424113,/Users/pradyu/Documents/New project 4/data/raw/page/aging.html,reused cached raw response
2026-05-01T21:21:20.515694+00:00,csv,https://kentclarkcenter.org/wp-content/uploads/2020/09/2017-02-28-Euro-EEP-Aging.csv,cache,7469,/Users/pradyu/Documents/New project 4/data/raw/csv/europe-aging.csv,reused cached raw response
2026-05-01T21:21:20.516907+00:00,page,https://kentclarkcenter.org/surveys/central-bank-digital-currency-2/,cache,484131,/Users/pradyu/Documents/New project 4/data/raw/page/central-bank-digital-currency-2.html,reused cached raw response
2026-05-01T21:21:20.606179+00:00,csv,https://kentclarkcenter.org/wp-content/uploads/2021/04/2021-04-27-Euro-EEP-Central-Bank-Digital-Currency.csv,cache,8535,/Users/pradyu/Documents/New project 4/data/raw/csv/europe-central-bank-digital-currency-2.csv,reused cached raw response
2026-05-01T21:21:20.608052+00:00,page,https://kentclarkcenter.org/surveys/diversified-investing/,cache,297328,/Users/pradyu/Documents/New project 4/data/raw/page/diversified-investing.html,reused cached raw response
2026-05-01T21:21:20.646912+00:00,csv,https://kentclarkcenter.org/wp-content/uploads/2020/09/2017-03-22-Euro-EEP-Diversified-Investing.csv,cache,3687,/Users/pradyu/Documents/New project 4/data/raw/csv/europe-diversified-investing.csv,reused cached raw response
2026-05-01T21:21:20.647605+00:00,page,https://kentclarkcenter.org/surveys/diversified-investing-2/,cache,281935,/Users/pradyu/Documents/New project 4/data/raw/page/diversified-investing-2.html,reused cached raw response
2026-05-01T21:21:20.687416+00:00,csv,https://kentclarkcenter.org/wp-content/uploads/2020/12/2019-01-28-US-EEP-Diversified-Investing.csv,cache,2280,/Users/pradyu/Documents/New project 4/data/raw/csv/us-diversified-investing-2.csv,reused cached raw response
2026-05-01T21:21:20.688139+00:00,page,https://kentclarkcenter.org/surveys/central-bank-digital-currency/,cache,468650,/Users/pradyu/Documents/New project 4/data/raw/page/central-bank-digital-currency.html,reused cached raw response
2026-05-01T21:21:20.777534+00:00,csv,https://kentclarkcenter.org/wp-content/uploads/2021/04/2021-04-27-US-EEP-Central-Bank-Digital-Currency.csv,cache,8201,/Users/pradyu/Documents/New project 4/data/raw/csv/us-central-bank-digital-currency.csv,reused cached raw response
2026-05-01T21:21:20.779027+00:00,page,https://kentclarkcenter.org/surveys/vaccine-development-and-distribution-2/,cache,511729,/Users/pradyu/Documents/New project 4/data/raw/page/vaccine-development-and-distribution-2.html,reused cached raw response
2026-05-01T21:21:20.874414+00:00,csv,https://kentclarkcenter.org/wp-content/uploads/2021/04/2021-04-13-Euro-EEP-Vaccine-Development-and-Distribution.csv,cache,6655,/Users/pradyu/Documents/New project 4/data/raw/csv/europe-vaccine-development-and-distribution-2.csv,reused cached raw response
2026-05-01T21:21:20.875929+00:00,page,https://kentclarkcenter.org/surveys/vaccine-development-and-distribution/,cache,498673,/Users/pradyu/Documents/New project 4/data/raw/page/vaccine-development-and-distribution.html,reused cached raw response
2026-05-01T21:21:20.959127+00:00,csv,https://kentclarkcenter.org/wp-content/uploads/2021/04/2021-04-06-US-EEP-Vaccine-Development-and-Distribution.csv,cache,8484,/Users/pradyu/Documents/New project 4/data/raw/csv/us-vaccine-development-and-distribution.csv,reused cached raw response
2026-05-01T21:21:20.960598+00:00,page,https://kentclarkcenter.org/surveys/short-selling-2/,cache,482500,/Users/pradyu/Documents/New project 4/data/raw/page/short-selling-2.html,reused cached raw response
2026-05-01T21:21:21.040425+00:00,csv,https://kentclarkcenter.org/wp-content/uploads/2021/03/2021-03-23-Euro-EEP-Short-Selling.csv,cache,6826,/Users/pradyu/Documents/New project 4/data/raw/csv/europe-short-selling-2.csv,reused cached raw response
2026-05-01T21:21:21.041899+00:00,page,https://kentclarkcenter.org/surveys/short-positions/,cache,382913,/Users/pradyu/Documents/New project 4/data/raw/page/short-positions.html,reused cached raw response
2026-05-01T21:21:21.108900+00:00,csv,https://kentclarkcenter.org/wp-content/uploads/2021/02/2021-02-23-US-EEP-Short-Positions.csv,cache,4538,/Users/pradyu/Documents/New project 4/data/raw/csv/us-short-positions.csv,reused cached raw response
2026-05-01T21:21:21.109912+00:00,page,https://kentclarkcenter.org/surveys/tackling-obesity-2/,cache,381533,/Users/pradyu/Documents/New project 4/data/raw/page/tackling-obesity-2.html,reused cached raw response
2026-05-01T21:21:21.166130+00:00,csv,https://kentclarkcenter.org/wp-content/uploads/2021/03/2021-03-23-US-EEP-Tackling-Obesity.csv,cache,4257,/Users/pradyu/Documents/New project 4/data/raw/csv/us-tackling-obesity-2.csv,reused cached raw response
2026-05-01T21:21:21.167065+00:00,page,https://kentclarkcenter.org/surveys/robots-and-artificial-intelligence-2/,cache,381582,/Users/pradyu/Documents/New project 4/data/raw/page/robots-and-artificial-intelligence-2.html,reused cached raw response
2026-05-01T21:21:21.226631+00:00,csv,https://kentclarkcenter.org/wp-content/uploads/2020/12/2017-09-12-US-EEP-Robots-and-Artificial-Intelligence.csv,cache,5891,/Users/pradyu/Documents/New project 4/data/raw/csv/us-robots-and-artificial-intelligence-2.csv,reused cached raw response
2026-05-01T21:21:21.227667+00:00,page,https://kentclarkcenter.org/surveys/robots-and-artificial-intelligence/,cache,400936,/Users/pradyu/Documents/New project 4/data/raw/page/robots-and-artificial-intelligence.html,reused cached raw response
2026-05-01T21:21:21.293364+00:00,csv,https://kentclarkcenter.org/wp-content/uploads/2020/09/2017-06-30-Euro-EEP-Robots-and-Artificial-Intelligence.csv,cache,6652,/Users/pradyu/Documents/New project 4/data/raw/csv/europe-robots-and-artificial-intelligence.csv,reused cached raw response
2026-05-01T21:21:21.294594+00:00,page,https://kentclarkcenter.org/surveys/tackling-obesity/,cache,516300,/Users/pradyu/Documents/New project 4/data/raw/page/tackling-obesity.html,reused cached raw response
2026-05-01T21:21:21.389889+00:00,csv,https://kentclarkcenter.org/wp-content/uploads/2021/02/2021-23-02-Euro-EEP-Tackling-Obesity.csv,cache,8586,/Users/pradyu/Documents/New project 4/data/raw/csv/europe-tackling-obesity.csv,reused cached raw response
2026-05-01T21:21:21.391368+00:00,page,https://kentclarkcenter.org/surveys/experimental-research-development-economics-and-poverty-reduction-2/,cache,392275,/Users/pradyu/Documents/New project 4/data/raw/page/experimental-research-development-economics-and-poverty-reduction-2.html,reused cached raw response
2026-05-01T21:21:21.458039+00:00,csv,https://kentclarkcenter.org/wp-content/uploads/2020/12/2019-10-25-US-EEP-Experimental-Research-Development-Economics-and-Poverty-Reduction.csv,cache,3940,/Users/pradyu/Documents/New project 4/data/raw/csv/us-experimental-research-development-economics-and-poverty-reduction-2.csv,reused cached raw response
2026-05-01T21:21:21.459033+00:00,page,https://kentclarkcenter.org/surveys/experimental-research-development-economics-and-poverty-reduction/,cache,391835,/Users/pradyu/Documents/New project 4/data/raw/page/experimental-research-development-economics-and-poverty-reduction.html,reused cached raw response
2026-05-01T21:21:21.520740+00:00,csv,https://kentclarkcenter.org/wp-content/uploads/2020/09/2019-10-25-Euro-EEP-Experimental-Research-Development-Economics-and-Poverty-Reduction.csv,cache,4668,/Users/pradyu/Documents/New project 4/data/raw/csv/europe-experimental-research-development-economics-and-poverty-reduction.csv,reused cached raw response
2026-05-01T21:21:21.522089+00:00,page,https://kentclarkcenter.org/surveys/stakeholder-capitalism-2/,cache,507048,/Users/pradyu/Documents/New project 4/data/raw/page/stakeholder-capitalism-2.html,reused cached raw response
2026-05-01T21:21:21.617227+00:00,csv,https://kentclarkcenter.org/wp-content/uploads/2020/09/2019-10-11-Euro-EEP-Stakeholder-Capitalism.csv,cache,7006,/Users/pradyu/Documents/New project 4/data/raw/csv/europe-stakeholder-capitalism-2.csv,reused cached raw response
2026-05-01T21:21:21.618772+00:00,page,https://kentclarkcenter.org/surveys/stakeholder-capitalism/,cache,487992,/Users/pradyu/Documents/New project 4/data/raw/page/stakeholder-capitalism.html,reused cached raw response
2026-05-01T21:21:21.706780+00:00,csv,https://kentclarkcenter.org/wp-content/uploads/2020/12/2019-09-20-US-EEP-Stakeholder-Capitalism.csv,cache,9345,/Users/pradyu/Documents/New project 4/data/raw/csv/us-stakeholder-capitalism.csv,reused cached raw response
2026-05-01T21:21:21.708231+00:00,page,https://kentclarkcenter.org/surveys/the-us-minimum-wage-2/,cache,393757,/Users/pradyu/Documents/New project 4/data/raw/page/the-us-minimum-wage-2.html,reused cached raw response
2026-05-01T21:21:21.774148+00:00,csv,https://kentclarkcenter.org/wp-content/uploads/2021/02/2021-02-02-Euro-EEP-The-US-Minimum-Wage.csv,cache,5104,/Users/pradyu/Documents/New project 4/data/raw/csv/europe-the-us-minimum-wage-2.csv,reused cached raw response
2026-05-01T21:21:21.775223+00:00,page,https://kentclarkcenter.org/surveys/inequality-populism-and-redistribution/,cache,526703,/Users/pradyu/Documents/New project 4/data/raw/page/inequality-populism-and-redistribution.html,reused cached raw response
2026-05-01T21:21:21.870292+00:00,csv,https://kentclarkcenter.org/wp-content/uploads/2020/09/2019-09-20-Euro-EEP-Inequality-Populism-and-Redistribution.csv,cache,8831,/Users/pradyu/Documents/New project 4/data/raw/csv/europe-inequality-populism-and-redistribution.csv,reused cached raw response
2026-05-01T21:21:21.872195+00:00,page,https://kentclarkcenter.org/surveys/inequality-populism-and-redistribution-2/,cache,483379,/Users/pradyu/Documents/New project 4/data/raw/page/inequality-populism-and-redistribution-2.html,reused cached raw response
2026-05-01T21:21:21.952759+00:00,csv,https://kentclarkcenter.org/wp-content/uploads/2020/12/2019-10-09-US-EEP-Inequality-Populism-and-Redistribution.csv,cache,7896,/Users/pradyu/Documents/New project 4/data/raw/csv/us-inequality-populism-and-redistribution-2.csv,reused cached raw response
2026-05-01T21:21:21.954100+00:00,page,https://kentclarkcenter.org/surveys/ride-sharing-caps/,cache,379248,/Users/pradyu/Documents/New project 4/data/raw/page/ride-sharing-caps.html,reused cached raw response
2026-05-01T21:21:22.011271+00:00,csv,https://kentclarkcenter.org/wp-content/uploads/2020/12/2018-08-21-US-EEP-Ride-sharing-Caps.csv,cache,4722,/Users/pradyu/Documents/New project 4/data/raw/csv/us-ride-sharing-caps.csv,reused cached raw response
2026-05-01T21:21:22.012341+00:00,page,https://kentclarkcenter.org/surveys/ride-sharing-caps-2/,cache,395800,/Users/pradyu/Documents/New project 4/data/raw/page/ride-sharing-caps-2.html,reused cached raw response
2026-05-01T21:21:22.083830+00:00,csv,https://kentclarkcenter.org/wp-content/uploads/2020/09/2018-12-06-Euro-EEP-Ride-sharing-Caps.csv,cache,5650,/Users/pradyu/Documents/New project 4/data/raw/csv/europe-ride-sharing-caps-2.csv,reused cached raw response
2026-05-01T21:21:22.084947+00:00,page,https://kentclarkcenter.org/surveys/increasing-returns/,cache,273821,/Users/pradyu/Documents/New project 4/data/raw/page/increasing-returns.html,reused cached raw response
2026-05-01T21:21:22.119091+00:00,csv,https://kentclarkcenter.org/wp-content/uploads/2020/12/2018-10-17-US-EEP-Increasing-Returns.csv,cache,2603,/Users/pradyu/Documents/New project 4/data/raw/csv/us-increasing-returns.csv,reused cached raw response
2026-05-01T21:21:22.119704+00:00,page,https://kentclarkcenter.org/surveys/increasing-returns-2/,cache,285340,/Users/pradyu/Documents/New project 4/data/raw/page/increasing-returns-2.html,reused cached raw response
2026-05-01T21:21:22.159415+00:00,csv,https://kentclarkcenter.org/wp-content/uploads/2020/09/2018-10-17-Euro-EEP-Increasing-Returns.csv,cache,2965,/Users/pradyu/Documents/New project 4/data/raw/csv/europe-increasing-returns-2.csv,reused cached raw response
2026-05-01T21:21:22.160099+00:00,page,https://kentclarkcenter.org/surveys/the-us-minimum-wage/,cache,388747,/Users/pradyu/Documents/New project 4/data/raw/page/the-us-minimum-wage.html,reused cached raw response
2026-05-01T21:21:22.223884+00:00,csv,https://kentclarkcenter.org/wp-content/uploads/2021/02/2021-02-02-US-EEP-The-US-Minimum-Wage.csv,cache,6644,/Users/pradyu/Documents/New project 4/data/raw/csv/us-the-us-minimum-wage.csv,reused cached raw response
2026-05-01T21:21:22.224877+00:00,page,https://kentclarkcenter.org/surveys/autonomous-cars/,cache,279359,/Users/pradyu/Documents/New project 4/data/raw/page/autonomous-cars.html,reused cached raw response
2026-05-01T21:21:22.264671+00:00,csv,https://kentclarkcenter.org/wp-content/uploads/2020/12/2018-05-01-US-EEP-Autonomous-Cars.csv,cache,3584,/Users/pradyu/Documents/New project 4/data/raw/csv/us-autonomous-cars.csv,reused cached raw response
2026-05-01T21:21:22.265287+00:00,page,https://kentclarkcenter.org/surveys/autonomous-cars-2/,cache,283136,/Users/pradyu/Documents/New project 4/data/raw/page/autonomous-cars-2.html,reused cached raw response
2026-05-01T21:21:22.304613+00:00,csv,https://kentclarkcenter.org/wp-content/uploads/2020/09/2018-07-25-Euro-EEP-Autonomous-Cars.csv,cache,3776,/Users/pradyu/Documents/New project 4/data/raw/csv/europe-autonomous-cars-2.csv,reused cached raw response
2026-05-01T21:21:22.305419+00:00,page,https://kentclarkcenter.org/surveys/after-brexit-2/,cache,424612,/Users/pradyu/Documents/New project 4/data/raw/page/after-brexit-2.html,reused cached raw response
2026-05-01T21:21:22.373569+00:00,csv,https://kentclarkcenter.org/wp-content/uploads/2021/01/2021-01-13-Euro-EEP-After-Brexit.csv,cache,6213,/Users/pradyu/Documents/New project 4/data/raw/csv/europe-after-brexit-2.csv,reused cached raw response
2026-05-01T21:21:22.374691+00:00,page,https://kentclarkcenter.org/surveys/central-banks-and-productivity-2/,cache,289926,/Users/pradyu/Documents/New project 4/data/raw/page/central-banks-and-productivity-2.html,reused cached raw response
2026-05-01T21:21:22.416892+00:00,csv,https://kentclarkcenter.org/wp-content/uploads/2020/09/2018-07-25-Euro-EEP-Central-Banks-and-Productivity.csv,cache,4077,/Users/pradyu/Documents/New project 4/data/raw/csv/europe-central-banks-and-productivity-2.csv,reused cached raw response
2026-05-01T21:21:22.417653+00:00,page,https://kentclarkcenter.org/surveys/central-banks-and-productivity/,cache,276902,/Users/pradyu/Documents/New project 4/data/raw/page/central-banks-and-productivity.html,reused cached raw response
2026-05-01T21:21:22.453084+00:00,csv,https://kentclarkcenter.org/wp-content/uploads/2020/12/2018-07-05-US-EEP-Central-Banks-and-Productivity.csv,cache,3643,/Users/pradyu/Documents/New project 4/data/raw/csv/us-central-banks-and-productivity.csv,reused cached raw response
2026-05-01T21:21:22.453752+00:00,page,https://kentclarkcenter.org/surveys/antitrust-and-international-competition/,cache,279889,/Users/pradyu/Documents/New project 4/data/raw/page/antitrust-and-international-competition.html,reused cached raw response
2026-05-01T21:21:22.492811+00:00,csv,https://kentclarkcenter.org/wp-content/uploads/2020/09/2018-05-11-Euro-EEP-Antitrust-and-International-Competition.csv,cache,3173,/Users/pradyu/Documents/New project 4/data/raw/csv/europe-antitrust-and-international-competition.csv,reused cached raw response
2026-05-01T21:21:22.493505+00:00,page,https://kentclarkcenter.org/surveys/greece-2/,cache,501752,/Users/pradyu/Documents/New project 4/data/raw/page/greece-2.html,reused cached raw response
2026-05-01T21:21:22.585382+00:00,csv,https://kentclarkcenter.org/wp-content/uploads/2020/09/2018-03-23-Euro-EEP-Greece.csv,cache,8435,/Users/pradyu/Documents/New project 4/data/raw/csv/europe-greece-2.csv,reused cached raw response
2026-05-01T21:21:22.586827+00:00,page,https://kentclarkcenter.org/surveys/greece/,cache,276908,/Users/pradyu/Documents/New project 4/data/raw/page/greece.html,reused cached raw response
2026-05-01T21:21:22.622912+00:00,csv,https://kentclarkcenter.org/wp-content/uploads/2020/12/2015-02-24-US-EEP-Greece.csv,cache,3660,/Users/pradyu/Documents/New project 4/data/raw/csv/us-greece.csv,reused cached raw response
2026-05-01T21:21:22.623559+00:00,page,https://kentclarkcenter.org/surveys/us-healthcare-prices-vs-quantity-and-quality-2/,cache,280837,/Users/pradyu/Documents/New project 4/data/raw/page/us-healthcare-prices-vs-quantity-and-quality-2.html,reused cached raw response
2026-05-01T21:21:22.665881+00:00,csv,https://kentclarkcenter.org/wp-content/uploads/2020/12/2018-12-04-US-EEP-US-Healthcare-Prices-vs-Quantity-and-Quality.csv,cache,2742,/Users/pradyu/Documents/New project 4/data/raw/csv/us-us-healthcare-prices-vs-quantity-and-quality-2.csv,reused cached raw response
2026-05-01T21:21:22.666586+00:00,page,https://kentclarkcenter.org/surveys/us-healthcare-prices-vs-quantity-and-quality/,cache,281507,/Users/pradyu/Documents/New project 4/data/raw/page/us-healthcare-prices-vs-quantity-and-quality.html,reused cached raw response
2026-05-01T21:21:22.709765+00:00,csv,https://kentclarkcenter.org/wp-content/uploads/2020/09/2018-02-15-Euro-EEP-US-Healthcare-Price-vs-Quantity-and-Quality.csv,cache,3764,/Users/pradyu/Documents/New project 4/data/raw/csv/europe-us-healthcare-prices-vs-quantity-and-quality.csv,reused cached raw response
2026-05-01T21:21:22.710525+00:00,page,https://kentclarkcenter.org/surveys/immigration/,cache,281171,/Users/pradyu/Documents/New project 4/data/raw/page/immigration.html,reused cached raw response
2026-05-01T21:21:22.748733+00:00,csv,https://kentclarkcenter.org/wp-content/uploads/2020/12/2018-01-17-US-EEP-Immigration-and-Innovatioin.csv,cache,2739,/Users/pradyu/Documents/New project 4/data/raw/csv/us-immigration.csv,reused cached raw response
2026-05-01T21:21:22.749317+00:00,page,https://kentclarkcenter.org/surveys/immigration-and-innovation/,cache,281247,/Users/pradyu/Documents/New project 4/data/raw/page/immigration-and-innovation.html,reused cached raw response
2026-05-01T21:21:22.795456+00:00,csv,https://kentclarkcenter.org/wp-content/uploads/2020/09/2018-01-25-Euro-EEP-US-Immigration-and-Innovation.csv,cache,3317,/Users/pradyu/Documents/New project 4/data/raw/csv/europe-immigration-and-innovation.csv,reused cached raw response
2026-05-01T21:21:22.796258+00:00,page,https://kentclarkcenter.org/surveys/after-brexit/,cache,395951,/Users/pradyu/Documents/New project 4/data/raw/page/after-brexit.html,reused cached raw response
2026-05-01T21:21:22.859482+00:00,csv,https://kentclarkcenter.org/wp-content/uploads/2021/01/2021-01-13-US-EEP-After-Brexit.csv,cache,5026,/Users/pradyu/Documents/New project 4/data/raw/csv/us-after-brexit.csv,reused cached raw response
2026-05-01T21:21:22.860494+00:00,page,https://kentclarkcenter.org/surveys/behavioral-economics/,cache,282836,/Users/pradyu/Documents/New project 4/data/raw/page/behavioral-economics.html,reused cached raw response
2026-05-01T21:21:22.896154+00:00,csv,https://kentclarkcenter.org/wp-content/uploads/2020/12/2017-10-19-US-EEP-Behavioral-Economics.csv,cache,3145,/Users/pradyu/Documents/New project 4/data/raw/csv/us-behavioral-economics.csv,reused cached raw response
2026-05-01T21:21:22.896813+00:00,page,https://kentclarkcenter.org/surveys/behavioral-economics-2/,cache,280738,/Users/pradyu/Documents/New project 4/data/raw/page/behavioral-economics-2.html,reused cached raw response
2026-05-01T21:21:22.932345+00:00,csv,https://kentclarkcenter.org/wp-content/uploads/2020/09/2017-10-18-Euro-EEP-Behavioral-Economics.csv,cache,2970,/Users/pradyu/Documents/New project 4/data/raw/csv/europe-behavioral-economics-2.csv,reused cached raw response
2026-05-01T21:21:22.933031+00:00,page,https://kentclarkcenter.org/surveys/antitrust-action-2/,cache,300999,/Users/pradyu/Documents/New project 4/data/raw/page/antitrust-action-2.html,reused cached raw response
2026-05-01T21:21:22.972380+00:00,csv,https://kentclarkcenter.org/wp-content/uploads/2020/12/2020-12-22-Euro-EEP-Antitrust-Action.csv,cache,3466,/Users/pradyu/Documents/New project 4/data/raw/csv/europe-antitrust-action-2.csv,reused cached raw response
2026-05-01T21:21:22.973103+00:00,page,https://kentclarkcenter.org/surveys/refugees-in-germany-2/,cache,273454,/Users/pradyu/Documents/New project 4/data/raw/page/refugees-in-germany-2.html,reused cached raw response
2026-05-01T21:21:23.007022+00:00,csv,https://kentclarkcenter.org/wp-content/uploads/2020/12/2017-10-12-US-EEP-Refugees-in-Germany.csv,cache,3014,/Users/pradyu/Documents/New project 4/data/raw/csv/us-refugees-in-germany-2.csv,reused cached raw response
2026-05-01T21:21:23.007610+00:00,page,https://kentclarkcenter.org/surveys/refugees-in-germany/,cache,294007,/Users/pradyu/Documents/New project 4/data/raw/page/refugees-in-germany.html,reused cached raw response
2026-05-01T21:21:23.057619+00:00,csv,https://kentclarkcenter.org/wp-content/uploads/2020/09/2017-07-12-Euro-EEP-Refugees-in-Germany.csv,cache,4640,/Users/pradyu/Documents/New project 4/data/raw/csv/europe-refugees-in-germany.csv,reused cached raw response
2026-05-01T21:21:23.058314+00:00,page,https://kentclarkcenter.org/surveys/antitrust-action/,cache,286893,/Users/pradyu/Documents/New project 4/data/raw/page/antitrust-action.html,reused cached raw response
2026-05-01T21:21:23.094934+00:00,csv,https://kentclarkcenter.org/wp-content/uploads/2020/12/2020-12-22-US-EEP-Antitrust-Action.csv,cache,3163,/Users/pradyu/Documents/New project 4/data/raw/csv/us-antitrust-action.csv,reused cached raw response
2026-05-01T21:21:23.095653+00:00,page,https://kentclarkcenter.org/surveys/personnel-economics-2/,cache,399786,/Users/pradyu/Documents/New project 4/data/raw/page/personnel-economics-2.html,reused cached raw response
2026-05-01T21:21:23.160511+00:00,csv,https://kentclarkcenter.org/wp-content/uploads/2020/12/2020-12-08-Euro-EEP-Personnel-Economics.csv,cache,3878,/Users/pradyu/Documents/New project 4/data/raw/csv/europe-personnel-economics-2.csv,reused cached raw response
2026-05-01T21:21:23.161620+00:00,page,https://kentclarkcenter.org/surveys/personnel-economics/,cache,396001,/Users/pradyu/Documents/New project 4/data/raw/page/personnel-economics.html,reused cached raw response
2026-05-01T21:21:23.249928+00:00,csv,https://kentclarkcenter.org/wp-content/uploads/2020/12/2020-12-08-US-EEP-Personnel-Economics.csv,cache,4544,/Users/pradyu/Documents/New project 4/data/raw/csv/us-personnel-economics.csv,reused cached raw response
2026-05-01T21:21:23.250916+00:00,page,https://kentclarkcenter.org/surveys/wealth-taxes-2/,cache,517976,/Users/pradyu/Documents/New project 4/data/raw/page/wealth-taxes-2.html,reused cached raw response
2026-05-01T21:21:23.345019+00:00,csv,https://kentclarkcenter.org/wp-content/uploads/2020/11/2020-11-24-Euro-EEP-Wealth-Taxes.csv,cache,8587,/Users/pradyu/Documents/New project 4/data/raw/csv/europe-wealth-taxes-2.csv,reused cached raw response
2026-05-01T21:21:23.346547+00:00,page,https://kentclarkcenter.org/surveys/antitrust-in-the-digital-economy-2/,cache,503985,/Users/pradyu/Documents/New project 4/data/raw/page/antitrust-in-the-digital-economy-2.html,reused cached raw response
2026-05-01T21:21:23.435989+00:00,csv,https://kentclarkcenter.org/wp-content/uploads/2020/11/2020-11-03-US-EEP-Antitrust-in-the-Digital-Economy.csv,cache,7292,/Users/pradyu/Documents/New project 4/data/raw/csv/us-antitrust-in-the-digital-economy-2.csv,reused cached raw response
2026-05-01T21:21:23.437380+00:00,page,https://kentclarkcenter.org/surveys/antitrust-in-the-digital-economy/,cache,530289,/Users/pradyu/Documents/New project 4/data/raw/page/antitrust-in-the-digital-economy.html,reused cached raw response
2026-05-01T21:21:23.532494+00:00,csv,https://kentclarkcenter.org/wp-content/uploads/2020/11/2020-11-03-Euro-EEP-Antitrust-in-the-Digital-Economy.csv,cache,5450,/Users/pradyu/Documents/New project 4/data/raw/csv/europe-antitrust-in-the-digital-economy.csv,reused cached raw response
2026-05-01T21:21:23.533911+00:00,page,https://kentclarkcenter.org/surveys/auction-theory-2/,cache,283673,/Users/pradyu/Documents/New project 4/data/raw/page/auction-theory-2.html,reused cached raw response
2026-05-01T21:21:23.572007+00:00,csv,https://kentclarkcenter.org/wp-content/uploads/2020/10/2020-10-21-US-EEP-Auction-Theory.csv,cache,2223,/Users/pradyu/Documents/New project 4/data/raw/csv/us-auction-theory-2.csv,reused cached raw response
2026-05-01T21:21:23.572685+00:00,page,https://kentclarkcenter.org/surveys/the-search-for-a-vaccine-2/,cache,489083,/Users/pradyu/Documents/New project 4/data/raw/page/the-search-for-a-vaccine-2.html,reused cached raw response
2026-05-01T21:21:23.660077+00:00,csv,https://kentclarkcenter.org/wp-content/uploads/2020/06/2020-06-23-Euro-EEP-The-Search-for-a-Vaccine.csv,cache,6870,/Users/pradyu/Documents/New project 4/data/raw/csv/europe-the-search-for-a-vaccine-2.csv,reused cached raw response
2026-05-01T21:21:23.661513+00:00,page,https://kentclarkcenter.org/surveys/the-search-for-a-vaccine/,cache,499599,/Users/pradyu/Documents/New project 4/data/raw/page/the-search-for-a-vaccine.html,reused cached raw response
2026-05-01T21:21:23.752941+00:00,csv,https://kentclarkcenter.org/wp-content/uploads/2020/12/2020-06-23-US-EEP-The-Search-for-a-Vaccine.csv,cache,8041,/Users/pradyu/Documents/New project 4/data/raw/csv/us-the-search-for-a-vaccine.csv,reused cached raw response
2026-05-01T21:21:23.754318+00:00,page,https://kentclarkcenter.org/surveys/prices-of-medical-supplies-2/,cache,473089,/Users/pradyu/Documents/New project 4/data/raw/page/prices-of-medical-supplies-2.html,reused cached raw response
2026-05-01T21:21:23.840015+00:00,csv,https://kentclarkcenter.org/wp-content/uploads/2020/12/2020-05-19-US-EEP-Prices-of-Medical-Supplies.csv,cache,8515,/Users/pradyu/Documents/New project 4/data/raw/csv/us-prices-of-medical-supplies-2.csv,reused cached raw response
2026-05-01T21:21:23.841377+00:00,page,https://kentclarkcenter.org/surveys/prices-of-medical-supplies/,cache,508178,/Users/pradyu/Documents/New project 4/data/raw/page/prices-of-medical-supplies.html,reused cached raw response
2026-05-01T21:21:23.924411+00:00,csv,https://kentclarkcenter.org/wp-content/uploads/2020/05/2020-05-20-Euro-EEP-Prices-of-Medical-Supplies.csv,cache,8033,/Users/pradyu/Documents/New project 4/data/raw/csv/europe-prices-of-medical-supplies.csv,reused cached raw response
2026-05-01T21:21:23.925827+00:00,page,https://kentclarkcenter.org/surveys/covid-19-and-the-world-economy-2/,cache,496527,/Users/pradyu/Documents/New project 4/data/raw/page/covid-19-and-the-world-economy-2.html,reused cached raw response
2026-05-01T21:21:24.008390+00:00,csv,https://kentclarkcenter.org/wp-content/uploads/2020/12/2020-05-05-US-EEP-COVID-19-and-the-World-Economy.csv,cache,6476,/Users/pradyu/Documents/New project 4/data/raw/csv/us-covid-19-and-the-world-economy-2.csv,reused cached raw response
2026-05-01T21:21:24.009755+00:00,page,https://kentclarkcenter.org/surveys/covid-19-and-the-world-economy/,cache,514564,/Users/pradyu/Documents/New project 4/data/raw/page/covid-19-and-the-world-economy.html,reused cached raw response
2026-05-01T21:21:24.107661+00:00,csv,https://kentclarkcenter.org/wp-content/uploads/2020/05/2020-05-05-Euro-EEP-COVID-19-and-the-World-Economy.csv,cache,7094,/Users/pradyu/Documents/New project 4/data/raw/csv/europe-covid-19-and-the-world-economy.csv,reused cached raw response
2026-05-01T21:21:24.109112+00:00,page,https://kentclarkcenter.org/surveys/inequality-and-the-covid-19-crisis-2/,cache,525034,/Users/pradyu/Documents/New project 4/data/raw/page/inequality-and-the-covid-19-crisis-2.html,reused cached raw response
2026-05-01T21:21:24.198277+00:00,csv,https://kentclarkcenter.org/wp-content/uploads/2020/04/2020-04-14-Euro-EEP-Inequality-and-the-COVID-19-Crisis.csv,cache,8861,/Users/pradyu/Documents/New project 4/data/raw/csv/europe-inequality-and-the-covid-19-crisis-2.csv,reused cached raw response
2026-05-01T21:21:24.199791+00:00,page,https://kentclarkcenter.org/surveys/inequality-and-the-covid-19-crisis/,cache,511735,/Users/pradyu/Documents/New project 4/data/raw/page/inequality-and-the-covid-19-crisis.html,reused cached raw response
2026-05-01T21:21:24.293832+00:00,csv,https://kentclarkcenter.org/wp-content/uploads/2020/12/2020-04-13-US-EEP-Inequality-and-the-COVID-19-Crisis.csv,cache,7010,/Users/pradyu/Documents/New project 4/data/raw/csv/us-inequality-and-the-covid-19-crisis.csv,reused cached raw response
2026-05-01T21:21:24.295338+00:00,page,https://kentclarkcenter.org/surveys/coronavirus-2/,cache,376738,/Users/pradyu/Documents/New project 4/data/raw/page/coronavirus-2.html,reused cached raw response
2026-05-01T21:21:24.364142+00:00,csv,https://kentclarkcenter.org/wp-content/uploads/2020/12/2020-03-12-US-EEP-Coronavirus.csv,cache,5217,/Users/pradyu/Documents/New project 4/data/raw/csv/us-coronavirus-2.csv,reused cached raw response
2026-05-01T21:21:24.365132+00:00,page,https://kentclarkcenter.org/surveys/coronavirus/,cache,499436,/Users/pradyu/Documents/New project 4/data/raw/page/coronavirus.html,reused cached raw response
2026-05-01T21:21:24.455319+00:00,csv,https://kentclarkcenter.org/wp-content/uploads/2020/09/2020-03-12-Euro-EEP-Coronavirus.csv,cache,6871,/Users/pradyu/Documents/New project 4/data/raw/csv/europe-coronavirus.csv,reused cached raw response
2026-05-01T21:21:24.456800+00:00,page,https://kentclarkcenter.org/surveys/central-banking-and-climate-change-2/,cache,399041,/Users/pradyu/Documents/New project 4/data/raw/page/central-banking-and-climate-change-2.html,reused cached raw response
2026-05-01T21:21:24.522552+00:00,csv,https://kentclarkcenter.org/wp-content/uploads/2020/09/2019-12-12-Euro-EEP-Central-Banking-and-Climate-Change.csv,cache,6130,/Users/pradyu/Documents/New project 4/data/raw/csv/europe-central-banking-and-climate-change-2.csv,reused cached raw response
2026-05-01T21:21:24.523711+00:00,page,https://kentclarkcenter.org/surveys/central-banking-and-climate-change/,cache,385763,/Users/pradyu/Documents/New project 4/data/raw/page/central-banking-and-climate-change.html,reused cached raw response
2026-05-01T21:21:24.587580+00:00,csv,https://kentclarkcenter.org/wp-content/uploads/2020/12/2019-11-20-US-EEP-Central-Banking-and-Climate-Change.csv,cache,5643,/Users/pradyu/Documents/New project 4/data/raw/csv/us-central-banking-and-climate-change.csv,reused cached raw response
2026-05-01T21:21:24.588761+00:00,page,https://kentclarkcenter.org/surveys/overheating/,cache,286210,/Users/pradyu/Documents/New project 4/data/raw/page/overheating.html,reused cached raw response
2026-05-01T21:21:24.625076+00:00,csv,https://kentclarkcenter.org/wp-content/uploads/2021/06/2021-06-08-US-EEP-Overheating.csv,cache,3679,/Users/pradyu/Documents/New project 4/data/raw/csv/us-overheating.csv,reused cached raw response
2026-05-01T21:21:24.625699+00:00,page,https://kentclarkcenter.org/surveys/political-economics-2/,cache,401266,/Users/pradyu/Documents/New project 4/data/raw/page/political-economics-2.html,reused cached raw response
2026-05-01T21:21:24.690440+00:00,csv,https://kentclarkcenter.org/wp-content/uploads/2020/06/2020-06-08-Euro-EEP-Political-Economics.csv,cache,3643,/Users/pradyu/Documents/New project 4/data/raw/csv/europe-political-economics-2.csv,reused cached raw response
2026-05-01T21:21:24.691405+00:00,page,https://kentclarkcenter.org/surveys/political-economics/,cache,395632,/Users/pradyu/Documents/New project 4/data/raw/page/political-economics.html,reused cached raw response
2026-05-01T21:21:24.758242+00:00,csv,https://kentclarkcenter.org/wp-content/uploads/2020/12/2020-06-04-US-EEP-Political-Economics.csv,cache,4018,/Users/pradyu/Documents/New project 4/data/raw/csv/us-political-economics.csv,reused cached raw response
2026-05-01T21:21:24.759179+00:00,page,https://kentclarkcenter.org/surveys/global-corporate-taxes-2/,cache,513863,/Users/pradyu/Documents/New project 4/data/raw/page/global-corporate-taxes-2.html,reused cached raw response
2026-05-01T21:21:24.842232+00:00,csv,https://kentclarkcenter.org/wp-content/uploads/2021/06/2021-06-29-Euro-EEP-Global-Corporate-Taxes.csv,cache,6278,/Users/pradyu/Documents/New project 4/data/raw/csv/europe-global-corporate-taxes-2.csv,reused cached raw response
2026-05-01T21:21:24.843701+00:00,page,https://kentclarkcenter.org/surveys/global-corporate-taxes/,cache,486612,/Users/pradyu/Documents/New project 4/data/raw/page/global-corporate-taxes.html,reused cached raw response
2026-05-01T21:21:24.922583+00:00,csv,https://kentclarkcenter.org/wp-content/uploads/2021/06/2021-06-24-US-EEP-Global-Corporate-Taxes.csv,cache,5448,/Users/pradyu/Documents/New project 4/data/raw/csv/us-global-corporate-taxes.csv,reused cached raw response
2026-05-01T21:21:24.923925+00:00,page,https://kentclarkcenter.org/surveys/open-economies/,cache,405075,/Users/pradyu/Documents/New project 4/data/raw/page/open-economies.html,reused cached raw response
2026-05-01T21:21:24.993932+00:00,csv,https://kentclarkcenter.org/wp-content/uploads/2021/07/2021-07-07-Euro-EEP-Open-Economies.csv,cache,4551,/Users/pradyu/Documents/New project 4/data/raw/csv/europe-open-economies.csv,reused cached raw response
2026-05-01T21:21:24.994971+00:00,page,https://kentclarkcenter.org/surveys/open-economies-2/,cache,384634,/Users/pradyu/Documents/New project 4/data/raw/page/open-economies-2.html,reused cached raw response
2026-05-01T21:21:25.050285+00:00,csv,https://kentclarkcenter.org/wp-content/uploads/2021/07/2021-07-07-US-EEP-Open-Economies.csv,cache,4188,/Users/pradyu/Documents/New project 4/data/raw/csv/us-open-economies-2.csv,reused cached raw response
2026-05-01T21:21:25.051279+00:00,page,https://kentclarkcenter.org/surveys/brexit/,cache,373490,/Users/pradyu/Documents/New project 4/data/raw/page/brexit.html,reused cached raw response
2026-05-01T21:21:25.109226+00:00,csv,https://kentclarkcenter.org/wp-content/uploads/2020/12/2016-02-02-US-EEP-Brexit.csv,cache,4629,/Users/pradyu/Documents/New project 4/data/raw/csv/us-brexit.csv,reused cached raw response
2026-05-01T21:21:25.110154+00:00,page,https://kentclarkcenter.org/surveys/trade-within-europe/,cache,431357,/Users/pradyu/Documents/New project 4/data/raw/page/trade-within-europe.html,reused cached raw response
2026-05-01T21:21:25.182537+00:00,csv,https://kentclarkcenter.org/wp-content/uploads/2020/09/2016-12-07-Euro-EEP-Trade-within-Europe.csv,cache,8450,/Users/pradyu/Documents/New project 4/data/raw/csv/europe-trade-within-europe.csv,reused cached raw response
2026-05-01T21:21:25.183870+00:00,page,https://kentclarkcenter.org/surveys/eu-fiscal-rules/,cache,518650,/Users/pradyu/Documents/New project 4/data/raw/page/eu-fiscal-rules.html,reused cached raw response
2026-05-01T21:21:25.280650+00:00,csv,https://kentclarkcenter.org/wp-content/uploads/2020/09/2018-12-19-Euro-EEP-EU-Fiscal-Rules.csv,cache,8911,/Users/pradyu/Documents/New project 4/data/raw/csv/europe-eu-fiscal-rules.csv,reused cached raw response
2026-05-01T21:21:25.282199+00:00,page,https://kentclarkcenter.org/surveys/bitcoin/,cache,272421,/Users/pradyu/Documents/New project 4/data/raw/page/bitcoin.html,reused cached raw response
2026-05-01T21:21:25.316235+00:00,csv,https://kentclarkcenter.org/wp-content/uploads/2020/12/2013-04-22-US-EEP-Bitcoin.csv,cache,2392,/Users/pradyu/Documents/New project 4/data/raw/csv/us-bitcoin.csv,reused cached raw response
2026-05-01T21:21:25.316767+00:00,page,https://kentclarkcenter.org/surveys/antitrust-and-international-competition-2/,cache,270893,/Users/pradyu/Documents/New project 4/data/raw/page/antitrust-and-international-competition-2.html,reused cached raw response
2026-05-01T21:21:25.357240+00:00,csv,https://kentclarkcenter.org/wp-content/uploads/2020/12/2018-06-13-US-EEP-Antitrust-and-International-Competition.csv,cache,2754,/Users/pradyu/Documents/New project 4/data/raw/csv/us-antitrust-and-international-competition-2.csv,reused cached raw response
2026-05-01T21:21:25.357967+00:00,page,https://kentclarkcenter.org/surveys/money-market-funds/,cache,429541,/Users/pradyu/Documents/New project 4/data/raw/page/money-market-funds.html,reused cached raw response
2026-05-01T21:21:25.430010+00:00,csv,https://kentclarkcenter.org/wp-content/uploads/2020/12/2012-08-14-US-EEP-Money-Market-Funds.csv,cache,5947,/Users/pradyu/Documents/New project 4/data/raw/csv/us-money-market-funds.csv,reused cached raw response
2026-05-01T21:21:25.431295+00:00,page,https://kentclarkcenter.org/surveys/fiscal-and-monetary-policy/,cache,381492,/Users/pradyu/Documents/New project 4/data/raw/page/fiscal-and-monetary-policy.html,reused cached raw response
2026-05-01T21:21:25.497415+00:00,csv,https://kentclarkcenter.org/wp-content/uploads/2021/07/2021-07-27-Euro-EEP-Fiscal-and-Monetary-Policy.csv,cache,5123,/Users/pradyu/Documents/New project 4/data/raw/csv/europe-fiscal-and-monetary-policy.csv,reused cached raw response
2026-05-01T21:21:25.498507+00:00,page,https://kentclarkcenter.org/surveys/competition/,cache,392044,/Users/pradyu/Documents/New project 4/data/raw/page/competition.html,reused cached raw response
2026-05-01T21:21:25.567023+00:00,csv,https://kentclarkcenter.org/wp-content/uploads/2021/07/2021-07-20-US-EEP-Competition.csv,cache,3783,/Users/pradyu/Documents/New project 4/data/raw/csv/us-competition.csv,reused cached raw response
2026-05-01T21:21:25.567990+00:00,page,https://kentclarkcenter.org/surveys/modern-monetary-theory/,cache,386229,/Users/pradyu/Documents/New project 4/data/raw/page/modern-monetary-theory.html,reused cached raw response
2026-05-01T21:21:25.626528+00:00,csv,https://kentclarkcenter.org/wp-content/uploads/2020/12/2019-03-13-US-EEP-Modern-Monetary-Theory.csv,cache,5102,/Users/pradyu/Documents/New project 4/data/raw/csv/us-modern-monetary-theory.csv,reused cached raw response
2026-05-01T21:21:25.627507+00:00,page,https://kentclarkcenter.org/surveys/competition-in-labor-markets/,cache,390228,/Users/pradyu/Documents/New project 4/data/raw/page/competition-in-labor-markets.html,reused cached raw response
2026-05-01T21:21:25.689978+00:00,csv,https://kentclarkcenter.org/wp-content/uploads/2021/08/2021-08-03-US-EEP-Competition-in-Labor-Markets.csv,cache,5061,/Users/pradyu/Documents/New project 4/data/raw/csv/us-competition-in-labor-markets.csv,reused cached raw response
2026-05-01T21:21:25.690948+00:00,page,https://kentclarkcenter.org/surveys/vaccine-mandate/,cache,291017,/Users/pradyu/Documents/New project 4/data/raw/page/vaccine-mandate.html,reused cached raw response
2026-05-01T21:21:25.734903+00:00,csv,https://kentclarkcenter.org/wp-content/uploads/2021/09/2021-09-21-US-EEP-Vaccine-Mandate.csv,cache,3296,/Users/pradyu/Documents/New project 4/data/raw/csv/us-vaccine-mandate.csv,reused cached raw response
2026-05-01T21:21:25.735533+00:00,page,https://kentclarkcenter.org/surveys/climate-reporting-mandate/,cache,398855,/Users/pradyu/Documents/New project 4/data/raw/page/climate-reporting-mandate.html,reused cached raw response
2026-05-01T21:21:25.795052+00:00,csv,https://kentclarkcenter.org/wp-content/uploads/2021/09/2021-09-22-Euro-EEP-Climate-Reporting-Mandates.csv,cache,5155,/Users/pradyu/Documents/New project 4/data/raw/csv/europe-climate-reporting-mandate.csv,reused cached raw response
2026-05-01T21:21:25.796097+00:00,page,https://kentclarkcenter.org/surveys/climate-reporting-mandate-2/,cache,382763,/Users/pradyu/Documents/New project 4/data/raw/page/climate-reporting-mandate-2.html,reused cached raw response
2026-05-01T21:21:25.852223+00:00,csv,https://kentclarkcenter.org/wp-content/uploads/2021/10/2021-10-05-US-EEP-Climate-Reporting-Mandate.csv,cache,5448,/Users/pradyu/Documents/New project 4/data/raw/csv/us-climate-reporting-mandate-2.csv,reused cached raw response
2026-05-01T21:21:25.853240+00:00,page,https://kentclarkcenter.org/surveys/natural-experiments-in-labor-economics-and-beyond-2/,cache,507468,/Users/pradyu/Documents/New project 4/data/raw/page/natural-experiments-in-labor-economics-and-beyond-2.html,reused cached raw response
2026-05-01T21:21:25.935070+00:00,csv,https://kentclarkcenter.org/wp-content/uploads/2021/10/2021-10-21-US-EEP-Natural-Experiments-in-Labor-Economics-and-Beyond.csv,cache,5258,/Users/pradyu/Documents/New project 4/data/raw/csv/us-natural-experiments-in-labor-economics-and-beyond-2.csv,reused cached raw response
2026-05-01T21:21:25.936405+00:00,page,https://kentclarkcenter.org/surveys/natural-experiments-in-labor-economics-and-beyond/,cache,522129,/Users/pradyu/Documents/New project 4/data/raw/page/natural-experiments-in-labor-economics-and-beyond.html,reused cached raw response
2026-05-01T21:21:26.036966+00:00,csv,https://kentclarkcenter.org/wp-content/uploads/2021/10/2021-10-21-Euro-EEP-Natural-Experiments-in-Labor-Economics-and-Beyond.csv,cache,6438,/Users/pradyu/Documents/New project 4/data/raw/csv/europe-natural-experiments-in-labor-economics-and-beyond.csv,reused cached raw response
2026-05-01T21:21:26.038838+00:00,page,https://kentclarkcenter.org/surveys/international-climate-policy/,cache,507566,/Users/pradyu/Documents/New project 4/data/raw/page/international-climate-policy.html,reused cached raw response
2026-05-01T21:21:26.134539+00:00,csv,https://kentclarkcenter.org/wp-content/uploads/2021/11/2021-11-02-Euro-EEP-International-Climate-Policy.csv,cache,6481,/Users/pradyu/Documents/New project 4/data/raw/csv/europe-international-climate-policy.csv,reused cached raw response
2026-05-01T21:21:26.136053+00:00,page,https://kentclarkcenter.org/surveys/climate-targets/,cache,487499,/Users/pradyu/Documents/New project 4/data/raw/page/climate-targets.html,reused cached raw response
2026-05-01T21:21:26.224758+00:00,csv,https://kentclarkcenter.org/wp-content/uploads/2021/11/2021-11-02-US-EEP-Climate-Targets.csv,cache,9034,/Users/pradyu/Documents/New project 4/data/raw/csv/us-climate-targets.csv,reused cached raw response
2026-05-01T21:21:26.226142+00:00,page,https://kentclarkcenter.org/surveys/inflation/,cache,395937,/Users/pradyu/Documents/New project 4/data/raw/page/inflation.html,reused cached raw response
2026-05-01T21:21:26.293128+00:00,csv,https://kentclarkcenter.org/wp-content/uploads/2021/11/2021-11-23-US-EEP-Inflation.csv,cache,5031,/Users/pradyu/Documents/New project 4/data/raw/csv/us-inflation.csv,reused cached raw response
2026-05-01T21:21:26.294116+00:00,page,https://kentclarkcenter.org/surveys/omicron-2/,cache,511165,/Users/pradyu/Documents/New project 4/data/raw/page/omicron-2.html,reused cached raw response
2026-05-01T21:21:26.382121+00:00,csv,https://kentclarkcenter.org/wp-content/uploads/2021/12/2021-12-07-US-EEP-Omicron.csv,cache,7457,/Users/pradyu/Documents/New project 4/data/raw/csv/us-omicron-2.csv,reused cached raw response
2026-05-01T21:21:26.383408+00:00,page,https://kentclarkcenter.org/surveys/omicron/,cache,498880,/Users/pradyu/Documents/New project 4/data/raw/page/omicron.html,reused cached raw response
2026-05-01T21:21:26.473028+00:00,csv,https://kentclarkcenter.org/wp-content/uploads/2021/12/2021-12-07-EuroEEP-Omicron.csv,cache,6134,/Users/pradyu/Documents/New project 4/data/raw/csv/europe-omicron.csv,reused cached raw response
2026-05-01T21:21:26.474402+00:00,page,https://kentclarkcenter.org/surveys/city-of-london/,cache,419851,/Users/pradyu/Documents/New project 4/data/raw/page/city-of-london.html,reused cached raw response
2026-05-01T21:21:26.546032+00:00,csv,https://kentclarkcenter.org/wp-content/uploads/2020/09/2017-02-07-Euro-EEP-City-of-London.csv,cache,8600,/Users/pradyu/Documents/New project 4/data/raw/csv/europe-city-of-london.csv,reused cached raw response
2026-05-01T21:21:26.547262+00:00,page,https://kentclarkcenter.org/surveys/congestion-pricing/,cache,280407,/Users/pradyu/Documents/New project 4/data/raw/page/congestion-pricing.html,reused cached raw response
2026-05-01T21:21:26.582923+00:00,csv,https://kentclarkcenter.org/wp-content/uploads/2020/12/2012-01-11-US-EEP-Congestion-Pricing.csv,cache,3361,/Users/pradyu/Documents/New project 4/data/raw/csv/us-congestion-pricing.csv,reused cached raw response
2026-05-01T21:21:26.583568+00:00,page,https://kentclarkcenter.org/surveys/congestion-pricing-2/,cache,302051,/Users/pradyu/Documents/New project 4/data/raw/page/congestion-pricing-2.html,reused cached raw response
2026-05-01T21:21:26.630623+00:00,csv,https://kentclarkcenter.org/wp-content/uploads/2016/12/2016-12-07-Euro-EEP-Congestion-Pricing.csv,cache,4499,/Users/pradyu/Documents/New project 4/data/raw/csv/europe-congestion-pricing-2.csv,reused cached raw response
2026-05-01T21:21:26.631542+00:00,page,https://kentclarkcenter.org/surveys/european-chips-act/,cache,501523,/Users/pradyu/Documents/New project 4/data/raw/page/european-chips-act.html,reused cached raw response
2026-05-01T21:21:26.726997+00:00,csv,https://kentclarkcenter.org/wp-content/uploads/2022/01/2022-01-21-Euro-EEP-European-Chips-Act.csv,cache,7585,/Users/pradyu/Documents/New project 4/data/raw/csv/europe-european-chips-act.csv,reused cached raw response
2026-05-01T21:21:26.728518+00:00,page,https://kentclarkcenter.org/surveys/working-from-home/,cache,525250,/Users/pradyu/Documents/New project 4/data/raw/page/working-from-home.html,reused cached raw response
2026-05-01T21:21:26.815743+00:00,csv,https://kentclarkcenter.org/wp-content/uploads/2022/01/2022-01-28-Euro-EEP-Working-from-Home.csv,cache,6998,/Users/pradyu/Documents/New project 4/data/raw/csv/europe-working-from-home.csv,reused cached raw response
2026-05-01T21:21:26.817224+00:00,page,https://kentclarkcenter.org/surveys/global-supply-chains-2/,cache,501284,/Users/pradyu/Documents/New project 4/data/raw/page/global-supply-chains-2.html,reused cached raw response
2026-05-01T21:21:26.899972+00:00,csv,https://kentclarkcenter.org/wp-content/uploads/2022/02/2022-02-16-Euro-EEP-Global-Supply-Chains.csv,cache,6939,/Users/pradyu/Documents/New project 4/data/raw/csv/europe-global-supply-chains-2.csv,reused cached raw response
2026-05-01T21:21:26.901439+00:00,page,https://kentclarkcenter.org/surveys/child-tax-credit/,cache,483425,/Users/pradyu/Documents/New project 4/data/raw/page/child-tax-credit.html,reused cached raw response
2026-05-01T21:21:26.995734+00:00,csv,https://kentclarkcenter.org/wp-content/uploads/2022/02/2022-02-08-US-EEP-Child-Tax-Credit.csv,cache,4667,/Users/pradyu/Documents/New project 4/data/raw/csv/us-child-tax-credit.csv,reused cached raw response
2026-05-01T21:21:26.996982+00:00,page,https://kentclarkcenter.org/surveys/inflation-market-power-and-price-controls/,cache,507434,/Users/pradyu/Documents/New project 4/data/raw/page/inflation-market-power-and-price-controls.html,reused cached raw response
2026-05-01T21:21:27.081425+00:00,csv,https://kentclarkcenter.org/wp-content/uploads/2022/01/2022-01-11-US-EEP-Inflation-Market-Power-and-Price-Controls.csv,cache,8316,/Users/pradyu/Documents/New project 4/data/raw/csv/us-inflation-market-power-and-price-controls.csv,reused cached raw response
2026-05-01T21:21:27.082833+00:00,page,https://kentclarkcenter.org/surveys/crypto-assets-2/,cache,472072,/Users/pradyu/Documents/New project 4/data/raw/page/crypto-assets-2.html,reused cached raw response
2026-05-01T21:21:27.168845+00:00,csv,https://kentclarkcenter.org/wp-content/uploads/2022/02/2022-03-03-Euro-EEP-Crypto-Assets.csv,cache,7201,/Users/pradyu/Documents/New project 4/data/raw/csv/europe-crypto-assets-2.csv,reused cached raw response
2026-05-01T21:21:27.170317+00:00,page,https://kentclarkcenter.org/surveys/ukraine-2/,cache,603486,/Users/pradyu/Documents/New project 4/data/raw/page/ukraine-2.html,reused cached raw response
2026-05-01T21:21:27.286441+00:00,csv,https://kentclarkcenter.org/wp-content/uploads/2022/03/2022-03-08-US-EEP-Ukraine.csv,cache,6073,/Users/pradyu/Documents/New project 4/data/raw/csv/us-ukraine-2.csv,reused cached raw response
2026-05-01T21:21:27.288093+00:00,page,https://kentclarkcenter.org/surveys/ukraine/,cache,643297,/Users/pradyu/Documents/New project 4/data/raw/page/ukraine.html,reused cached raw response
2026-05-01T21:21:27.417097+00:00,csv,https://kentclarkcenter.org/wp-content/uploads/2022/03/2022-03-08-Euro-EEP-Ukraine.csv,cache,9080,/Users/pradyu/Documents/New project 4/data/raw/csv/europe-ukraine.csv,reused cached raw response
2026-05-01T21:21:27.418935+00:00,page,https://kentclarkcenter.org/surveys/oil-industry-taxes/,cache,378392,/Users/pradyu/Documents/New project 4/data/raw/page/oil-industry-taxes.html,reused cached raw response
2026-05-01T21:21:27.479590+00:00,csv,https://kentclarkcenter.org/wp-content/uploads/2022/03/2022-03-30-US-EEP-Oil-Industry-Taxes.csv,cache,6717,/Users/pradyu/Documents/New project 4/data/raw/csv/us-oil-industry-taxes.csv,reused cached raw response
2026-05-01T21:21:27.480656+00:00,page,https://kentclarkcenter.org/surveys/economic-fallout-from-ukraine/,cache,517726,/Users/pradyu/Documents/New project 4/data/raw/page/economic-fallout-from-ukraine.html,reused cached raw response
2026-05-01T21:21:27.573734+00:00,csv,https://kentclarkcenter.org/wp-content/uploads/2022/03/2022-03-30-Euro-EEP-Economic-Fallout-From-Ukraine.csv,cache,8729,/Users/pradyu/Documents/New project 4/data/raw/csv/europe-economic-fallout-from-ukraine.csv,reused cached raw response
2026-05-01T21:21:27.575282+00:00,page,https://kentclarkcenter.org/surveys/airline-mergers/,cache,267504,/Users/pradyu/Documents/New project 4/data/raw/page/airline-mergers.html,reused cached raw response
2026-05-01T21:21:27.615985+00:00,csv,https://kentclarkcenter.org/wp-content/uploads/2022/04/2013-08-28-US-EEP-Airline-Mergers.csv,cache,3878,/Users/pradyu/Documents/New project 4/data/raw/csv/us-airline-mergers.csv,reused cached raw response
2026-05-01T21:21:27.616572+00:00,page,https://kentclarkcenter.org/surveys/ranked-choice-voting-2/,cache,272248,/Users/pradyu/Documents/New project 4/data/raw/page/ranked-choice-voting-2.html,reused cached raw response
2026-05-01T21:21:27.650291+00:00,csv,https://kentclarkcenter.org/wp-content/uploads/2022/04/2022-04-22-Euro-EEP-Ranked-Choice-Voting.csv,cache,3083,/Users/pradyu/Documents/New project 4/data/raw/csv/europe-ranked-choice-voting-2.csv,reused cached raw response
2026-05-01T21:21:27.650937+00:00,page,https://kentclarkcenter.org/surveys/energy-sanctions/,cache,290926,/Users/pradyu/Documents/New project 4/data/raw/page/energy-sanctions.html,reused cached raw response
2026-05-01T21:21:27.688255+00:00,csv,https://kentclarkcenter.org/wp-content/uploads/2022/05/2022-05-11-US-EEP-Energy-Sanctions.csv,cache,2547,/Users/pradyu/Documents/New project 4/data/raw/csv/us-energy-sanctions.csv,reused cached raw response
2026-05-01T21:21:27.688989+00:00,page,https://kentclarkcenter.org/surveys/energy-sanctions-2/,cache,290116,/Users/pradyu/Documents/New project 4/data/raw/page/energy-sanctions-2.html,reused cached raw response
2026-05-01T21:21:27.725577+00:00,csv,https://kentclarkcenter.org/wp-content/uploads/2022/05/2022-05-11-Euro-EEP-Energy-Sanctions.csv,cache,3145,/Users/pradyu/Documents/New project 4/data/raw/csv/europe-energy-sanctions-2.csv,reused cached raw response
2026-05-01T21:21:27.726264+00:00,page,https://kentclarkcenter.org/surveys/european-economic-recovery/,cache,600873,/Users/pradyu/Documents/New project 4/data/raw/page/european-economic-recovery.html,reused cached raw response
2026-05-01T21:21:27.832282+00:00,csv,https://kentclarkcenter.org/wp-content/uploads/2020/07/2020-07-23-Euro-EEP-European-Economic-Recovery.csv,cache,10491,/Users/pradyu/Documents/New project 4/data/raw/csv/europe-european-economic-recovery.csv,reused cached raw response
2026-05-01T21:21:27.834150+00:00,page,https://kentclarkcenter.org/surveys/stablecoins/,cache,279394,/Users/pradyu/Documents/New project 4/data/raw/page/stablecoins.html,reused cached raw response
2026-05-01T21:21:27.869845+00:00,csv,https://kentclarkcenter.org/wp-content/uploads/2022/05/2022-05-25-US-EEP-Stablecoins.csv,cache,2279,/Users/pradyu/Documents/New project 4/data/raw/csv/us-stablecoins.csv,reused cached raw response
2026-05-01T21:21:27.870423+00:00,page,https://kentclarkcenter.org/surveys/stablecoins-2/,cache,284254,/Users/pradyu/Documents/New project 4/data/raw/page/stablecoins-2.html,reused cached raw response
2026-05-01T21:21:27.923377+00:00,csv,https://kentclarkcenter.org/wp-content/uploads/2022/05/2022-05-25-Euro-EEP-Stablecoins.csv,cache,2906,/Users/pradyu/Documents/New project 4/data/raw/csv/europe-stablecoins-2.csv,reused cached raw response
2026-05-01T21:21:27.924075+00:00,page,https://kentclarkcenter.org/surveys/price-gouging-2/,cache,377879,/Users/pradyu/Documents/New project 4/data/raw/page/price-gouging-2.html,reused cached raw response
2026-05-01T21:21:27.979186+00:00,csv,https://kentclarkcenter.org/wp-content/uploads/2022/06/2022-06-07-US-EEP-Price-Gouging.csv,cache,6009,/Users/pradyu/Documents/New project 4/data/raw/csv/us-price-gouging-2.csv,reused cached raw response
2026-05-01T21:21:27.980243+00:00,page,https://kentclarkcenter.org/surveys/inequality/,cache,496289,/Users/pradyu/Documents/New project 4/data/raw/page/inequality.html,reused cached raw response
2026-05-01T21:21:28.071949+00:00,page,https://kentclarkcenter.org/surveys/labor-unions/,cache,481390,/Users/pradyu/Documents/New project 4/data/raw/page/labor-unions.html,reused cached raw response
2026-05-01T21:21:28.157263+00:00,csv,https://kentclarkcenter.org/wp-content/uploads/2022/06/2022-06-29-US-EEP-Labor-Unions.csv,cache,6009,/Users/pradyu/Documents/New project 4/data/raw/csv/us-labor-unions.csv,reused cached raw response
2026-05-01T21:21:28.158575+00:00,page,https://kentclarkcenter.org/surveys/inequality-2/,cache,514608,/Users/pradyu/Documents/New project 4/data/raw/page/inequality-2.html,reused cached raw response
2026-05-01T21:21:28.255177+00:00,csv,https://kentclarkcenter.org/wp-content/uploads/2022/07/2022-07-13-Euro-EEP-Inequality.csv,cache,6258,/Users/pradyu/Documents/New project 4/data/raw/csv/europe-inequality-2.csv,reused cached raw response
2026-05-01T21:21:28.256843+00:00,page,https://kentclarkcenter.org/surveys/electric-vehicles/,cache,382068,/Users/pradyu/Documents/New project 4/data/raw/page/electric-vehicles.html,reused cached raw response
2026-05-01T21:21:28.320993+00:00,csv,https://kentclarkcenter.org/wp-content/uploads/2022/07/2022-07-26-US-EEP-Electric-Vehicles.csv,cache,4292,/Users/pradyu/Documents/New project 4/data/raw/csv/us-electric-vehicles.csv,reused cached raw response
2026-05-01T21:21:28.322088+00:00,page,https://kentclarkcenter.org/surveys/roe-v-wade-reversal/,cache,384981,/Users/pradyu/Documents/New project 4/data/raw/page/roe-v-wade-reversal.html,reused cached raw response
2026-05-01T21:21:28.380489+00:00,csv,https://kentclarkcenter.org/wp-content/uploads/2022/07/2022-07-12-US-EEP-Roe-V.-Wade-Reversal.csv,cache,5098,/Users/pradyu/Documents/New project 4/data/raw/csv/us-roe-v-wade-reversal.csv,reused cached raw response
2026-05-01T21:21:28.381456+00:00,page,https://kentclarkcenter.org/surveys/energy-costs/,cache,393091,/Users/pradyu/Documents/New project 4/data/raw/page/energy-costs.html,reused cached raw response
2026-05-01T21:21:28.448204+00:00,page,https://kentclarkcenter.org/surveys/oil-price-cap/,cache,395432,/Users/pradyu/Documents/New project 4/data/raw/page/oil-price-cap.html,reused cached raw response
2026-05-01T21:21:28.511248+00:00,csv,https://kentclarkcenter.org/wp-content/uploads/2022/09/2022-09-14-US-EEP-Oil-Price-Cap.csv,cache,5694,/Users/pradyu/Documents/New project 4/data/raw/csv/us-oil-price-cap.csv,reused cached raw response
2026-05-01T21:21:28.512272+00:00,page,https://kentclarkcenter.org/surveys/oil-price-cap-2/,cache,409458,/Users/pradyu/Documents/New project 4/data/raw/page/oil-price-cap-2.html,reused cached raw response
2026-05-01T21:21:28.579561+00:00,csv,https://kentclarkcenter.org/wp-content/uploads/2022/09/2022-09-14-Euro-EEP-Oil-Price-Cap.csv,cache,6842,/Users/pradyu/Documents/New project 4/data/raw/csv/europe-oil-price-cap-2.csv,reused cached raw response
2026-05-01T21:21:28.580694+00:00,page,https://kentclarkcenter.org/surveys/student-loan-relief/,cache,491149,/Users/pradyu/Documents/New project 4/data/raw/page/student-loan-relief.html,reused cached raw response
2026-05-01T21:21:28.671666+00:00,csv,https://kentclarkcenter.org/wp-content/uploads/2022/09/2022-09-14-US-EEP-Student-Loan-Relief.csv,cache,9002,/Users/pradyu/Documents/New project 4/data/raw/csv/us-student-loan-relief.csv,reused cached raw response
2026-05-01T21:21:28.673251+00:00,page,https://kentclarkcenter.org/surveys/bankers-bonus-cap/,cache,536754,/Users/pradyu/Documents/New project 4/data/raw/page/bankers-bonus-cap.html,reused cached raw response
2026-05-01T21:21:28.763154+00:00,csv,https://kentclarkcenter.org/wp-content/uploads/2022/09/2022-10-04-Euro-EEP-Bankers-Bonus-Cap.csv,cache,8660,/Users/pradyu/Documents/New project 4/data/raw/csv/europe-bankers-bonus-cap.csv,reused cached raw response
2026-05-01T21:21:28.764639+00:00,page,https://kentclarkcenter.org/surveys/liquidity/,cache,282292,/Users/pradyu/Documents/New project 4/data/raw/page/liquidity.html,reused cached raw response
2026-05-01T21:21:28.800500+00:00,csv,https://kentclarkcenter.org/wp-content/uploads/2020/12/2014-06-03-US-EEP-Liquidity.csv,cache,2817,/Users/pradyu/Documents/New project 4/data/raw/csv/us-liquidity.csv,reused cached raw response
2026-05-01T21:21:28.801102+00:00,page,https://kentclarkcenter.org/surveys/hurricane-economics/,cache,490828,/Users/pradyu/Documents/New project 4/data/raw/page/hurricane-economics.html,reused cached raw response
2026-05-01T21:21:28.881391+00:00,csv,https://kentclarkcenter.org/wp-content/uploads/2022/10/2022-10-11-US-EEP-Hurricane-Economics.csv,cache,9034,/Users/pradyu/Documents/New project 4/data/raw/csv/us-hurricane-economics.csv,reused cached raw response
2026-05-01T21:21:28.882758+00:00,page,https://kentclarkcenter.org/surveys/banks-and-financial-crises-2/,cache,406251,/Users/pradyu/Documents/New project 4/data/raw/page/banks-and-financial-crises-2.html,reused cached raw response
2026-05-01T21:21:28.963746+00:00,csv,https://kentclarkcenter.org/wp-content/uploads/2022/10/2022-10-18-Euro-EEP-Banks-and-Financial-Crises.csv,cache,6290,/Users/pradyu/Documents/New project 4/data/raw/csv/europe-banks-and-financial-crises-2.csv,reused cached raw response
2026-05-01T21:21:28.964910+00:00,page,https://kentclarkcenter.org/surveys/banks-and-financial-crises/,cache,381203,/Users/pradyu/Documents/New project 4/data/raw/page/banks-and-financial-crises.html,reused cached raw response
2026-05-01T21:21:29.022816+00:00,csv,https://kentclarkcenter.org/wp-content/uploads/2022/10/2022-10-18-US-EEP-Banks-and-Financial-Crises.csv,cache,5927,/Users/pradyu/Documents/New project 4/data/raw/csv/us-banks-and-financial-crises.csv,reused cached raw response
2026-05-01T21:21:29.023921+00:00,page,https://kentclarkcenter.org/surveys/computer-chips/,cache,373667,/Users/pradyu/Documents/New project 4/data/raw/page/computer-chips.html,reused cached raw response
2026-05-01T21:21:29.081956+00:00,csv,https://kentclarkcenter.org/wp-content/uploads/2022/11/2022-11-01-US-EEP-Computer-Chips.csv,cache,4566,/Users/pradyu/Documents/New project 4/data/raw/csv/us-computer-chips.csv,reused cached raw response
2026-05-01T21:21:29.082857+00:00,page,https://kentclarkcenter.org/surveys/passive-investing/,cache,277650,/Users/pradyu/Documents/New project 4/data/raw/page/passive-investing.html,reused cached raw response
2026-05-01T21:21:29.117534+00:00,csv,https://kentclarkcenter.org/wp-content/uploads/2022/11/2022-11-08-Finance-Passive-Investing.csv,cache,5770,/Users/pradyu/Documents/New project 4/data/raw/csv/finance-passive-investing.csv,reused cached raw response
2026-05-01T21:21:29.118146+00:00,page,https://kentclarkcenter.org/surveys/responding-to-carbon-leakage/,cache,388684,/Users/pradyu/Documents/New project 4/data/raw/page/responding-to-carbon-leakage.html,reused cached raw response
2026-05-01T21:21:29.184488+00:00,csv,https://kentclarkcenter.org/wp-content/uploads/2022/11/2022-11-08-Euro-EEP-Responding-to-Carbon-Leakage.csv,cache,5910,/Users/pradyu/Documents/New project 4/data/raw/csv/europe-responding-to-carbon-leakage.csv,reused cached raw response
2026-05-01T21:21:29.185660+00:00,page,https://kentclarkcenter.org/surveys/banks-and-financial-crises-3/,cache,388119,/Users/pradyu/Documents/New project 4/data/raw/page/banks-and-financial-crises-3.html,reused cached raw response
2026-05-01T21:21:29.248477+00:00,csv,https://kentclarkcenter.org/wp-content/uploads/2022/10/2022-10-18-Finance-Banks-and-Financial-Crises.csv,cache,9737,/Users/pradyu/Documents/New project 4/data/raw/csv/finance-banks-and-financial-crises-3.csv,reused cached raw response
2026-05-01T21:21:29.249498+00:00,page,https://kentclarkcenter.org/surveys/executive-pay-2/,cache,378544,/Users/pradyu/Documents/New project 4/data/raw/page/executive-pay-2.html,reused cached raw response
2026-05-01T21:21:29.311037+00:00,csv,https://kentclarkcenter.org/wp-content/uploads/2022/09/2022-09-21-Finance-Executive-Pay.csv,cache,9542,/Users/pradyu/Documents/New project 4/data/raw/csv/finance-executive-pay-2.csv,reused cached raw response
2026-05-01T21:21:29.312149+00:00,page,https://kentclarkcenter.org/surveys/stakeholder-capitalism-3/,cache,499709,/Users/pradyu/Documents/New project 4/data/raw/page/stakeholder-capitalism-3.html,reused cached raw response
2026-05-01T21:21:29.400132+00:00,csv,https://kentclarkcenter.org/wp-content/uploads/2022/09/2022-09-21-Finance-Stakeholder-Capitalism.csv,cache,12910,/Users/pradyu/Documents/New project 4/data/raw/csv/finance-stakeholder-capitalism-3.csv,reused cached raw response
2026-05-01T21:21:29.401703+00:00,page,https://kentclarkcenter.org/surveys/climate-reporting-mandate-3/,cache,504385,/Users/pradyu/Documents/New project 4/data/raw/page/climate-reporting-mandate-3.html,reused cached raw response
2026-05-01T21:21:29.496935+00:00,csv,https://kentclarkcenter.org/wp-content/uploads/2022/09/2022-09-21-Finance-Climate-Reporting-Mandate.csv,cache,15276,/Users/pradyu/Documents/New project 4/data/raw/csv/finance-climate-reporting-mandate-3.csv,reused cached raw response
2026-05-01T21:21:29.498457+00:00,page,https://kentclarkcenter.org/surveys/commitment-to-policy-rules/,cache,380202,/Users/pradyu/Documents/New project 4/data/raw/page/commitment-to-policy-rules.html,reused cached raw response
2026-05-01T21:21:29.558934+00:00,csv,https://kentclarkcenter.org/wp-content/uploads/2022/11/2022-11-15-US-EEP-Commitment-to-Policy-Rules.csv,cache,4362,/Users/pradyu/Documents/New project 4/data/raw/csv/us-commitment-to-policy-rules.csv,reused cached raw response
2026-05-01T21:21:29.559915+00:00,page,https://kentclarkcenter.org/surveys/cryptocurrency-exchanges/,cache,382823,/Users/pradyu/Documents/New project 4/data/raw/page/cryptocurrency-exchanges.html,reused cached raw response
2026-05-01T21:21:29.625852+00:00,csv,https://kentclarkcenter.org/wp-content/uploads/2022/11/2022-11-21-Finance-Cryptocurrency-Exchanges.csv,cache,10992,/Users/pradyu/Documents/New project 4/data/raw/csv/finance-cryptocurrency-exchanges.csv,reused cached raw response
2026-05-01T21:21:29.626963+00:00,page,https://kentclarkcenter.org/surveys/twitter/,cache,383148,/Users/pradyu/Documents/New project 4/data/raw/page/twitter.html,reused cached raw response
2026-05-01T21:21:29.683286+00:00,csv,https://kentclarkcenter.org/wp-content/uploads/2022/11/2022-11-29-US-EEP-Twitter.csv,cache,5345,/Users/pradyu/Documents/New project 4/data/raw/csv/us-twitter.csv,reused cached raw response
2026-05-01T21:21:29.684265+00:00,page,https://kentclarkcenter.org/surveys/electric-vehicles-2/,cache,405893,/Users/pradyu/Documents/New project 4/data/raw/page/electric-vehicles-2.html,reused cached raw response
2026-05-01T21:21:29.745082+00:00,csv,https://kentclarkcenter.org/wp-content/uploads/2022/12/2022-12-13-Euro-EEP-Electric-Vehicles.csv,cache,5753,/Users/pradyu/Documents/New project 4/data/raw/csv/europe-electric-vehicles-2.csv,reused cached raw response
2026-05-01T21:21:29.746173+00:00,page,https://kentclarkcenter.org/surveys/music-event-ticketing/,cache,470338,/Users/pradyu/Documents/New project 4/data/raw/page/music-event-ticketing.html,reused cached raw response
2026-05-01T21:21:29.822683+00:00,csv,https://kentclarkcenter.org/wp-content/uploads/2022/12/2022-12-13-US-EEP-Music-Event-Ticketing.csv,cache,5710,/Users/pradyu/Documents/New project 4/data/raw/csv/us-music-event-ticketing.csv,reused cached raw response
2026-05-01T21:21:29.824072+00:00,page,https://kentclarkcenter.org/surveys/individual-investor-order-execution/,cache,344839,/Users/pradyu/Documents/New project 4/data/raw/page/individual-investor-order-execution.html,reused cached raw response
2026-05-01T21:21:29.872421+00:00,csv,https://kentclarkcenter.org/wp-content/uploads/2023/01/2023-01-18-Finance-Individual-Investor-Order-Execution.csv,cache,6198,/Users/pradyu/Documents/New project 4/data/raw/csv/finance-individual-investor-order-execution.csv,reused cached raw response
2026-05-01T21:21:29.873495+00:00,page,https://kentclarkcenter.org/surveys/non-compete-clauses/,cache,474639,/Users/pradyu/Documents/New project 4/data/raw/page/non-compete-clauses.html,reused cached raw response
2026-05-01T21:21:29.968292+00:00,csv,https://kentclarkcenter.org/wp-content/uploads/2023/01/2023-01-18-US-EEP-Non-Compete-Clauses.csv,cache,7457,/Users/pradyu/Documents/New project 4/data/raw/csv/us-non-compete-clauses.csv,reused cached raw response
2026-05-01T21:21:29.969593+00:00,page,https://kentclarkcenter.org/surveys/state-aid/,cache,516633,/Users/pradyu/Documents/New project 4/data/raw/page/state-aid.html,reused cached raw response
2026-05-01T21:21:30.058989+00:00,csv,https://kentclarkcenter.org/wp-content/uploads/2023/01/2023-01-25-Euro-EEP-State-Aid.csv,cache,9422,/Users/pradyu/Documents/New project 4/data/raw/csv/europe-state-aid.csv,reused cached raw response
2026-05-01T21:21:30.060635+00:00,page,https://kentclarkcenter.org/surveys/debt-ceiling-2/,cache,487970,/Users/pradyu/Documents/New project 4/data/raw/page/debt-ceiling-2.html,reused cached raw response
2026-05-01T21:21:30.149820+00:00,csv,https://kentclarkcenter.org/wp-content/uploads/2023/01/2023-01-31-US-EEP-Debt-Ceiling.csv,cache,6838,/Users/pradyu/Documents/New project 4/data/raw/csv/us-debt-ceiling-2.csv,reused cached raw response
2026-05-01T21:21:30.151236+00:00,page,https://kentclarkcenter.org/surveys/debt-ceiling-3/,cache,390324,/Users/pradyu/Documents/New project 4/data/raw/page/debt-ceiling-3.html,reused cached raw response
2026-05-01T21:21:30.213854+00:00,csv,https://kentclarkcenter.org/wp-content/uploads/2023/01/2023-01-31-Finance-Debt-Ceiling.csv,cache,8816,/Users/pradyu/Documents/New project 4/data/raw/csv/finance-debt-ceiling-3.csv,reused cached raw response
2026-05-01T21:21:30.214839+00:00,page,https://kentclarkcenter.org/surveys/the-invisible-hand-2/,cache,393915,/Users/pradyu/Documents/New project 4/data/raw/page/the-invisible-hand-2.html,reused cached raw response
2026-05-01T21:21:30.280548+00:00,page,https://kentclarkcenter.org/surveys/the-invisible-hand/,cache,381398,/Users/pradyu/Documents/New project 4/data/raw/page/the-invisible-hand.html,reused cached raw response
2026-05-01T21:21:30.340893+00:00,csv,https://kentclarkcenter.org/wp-content/uploads/2023/02/2023-02-15-US-EEP-The-Invisible-Hand.csv,cache,5162,/Users/pradyu/Documents/New project 4/data/raw/csv/us-the-invisible-hand.csv,reused cached raw response
2026-05-01T21:21:30.341884+00:00,page,https://kentclarkcenter.org/surveys/currency-depreciation/,cache,366875,/Users/pradyu/Documents/New project 4/data/raw/page/currency-depreciation.html,reused cached raw response
2026-05-01T21:21:30.404054+00:00,csv,https://kentclarkcenter.org/wp-content/uploads/2022/10/2022-10-05-Finance-Currency-Depreciation.csv,cache,7882,/Users/pradyu/Documents/New project 4/data/raw/csv/finance-currency-depreciation.csv,reused cached raw response
2026-05-01T21:21:30.405116+00:00,page,https://kentclarkcenter.org/surveys/taxing-stock-buybacks/,cache,458704,/Users/pradyu/Documents/New project 4/data/raw/page/taxing-stock-buybacks.html,reused cached raw response
2026-05-01T21:21:30.484632+00:00,csv,https://kentclarkcenter.org/wp-content/uploads/2023/02/2023-02-22-Finance-Taxing-Stock-Buybacks.csv,cache,13208,/Users/pradyu/Documents/New project 4/data/raw/csv/finance-taxing-stock-buybacks.csv,reused cached raw response
2026-05-01T21:21:30.486031+00:00,page,https://kentclarkcenter.org/surveys/liability-of-internet-publishers/,cache,447952,/Users/pradyu/Documents/New project 4/data/raw/page/liability-of-internet-publishers.html,reused cached raw response
2026-05-01T21:21:30.563507+00:00,csv,https://kentclarkcenter.org/wp-content/uploads/2023/02/2023-02-28-US-EEP-Liability-of-Internet-Publishers.csv,cache,6334,/Users/pradyu/Documents/New project 4/data/raw/csv/us-liability-of-internet-publishers.csv,reused cached raw response
2026-05-01T21:21:30.564768+00:00,page,https://kentclarkcenter.org/surveys/windsor-framework/,cache,379322,/Users/pradyu/Documents/New project 4/data/raw/page/windsor-framework.html,reused cached raw response
2026-05-01T21:21:30.630634+00:00,csv,https://kentclarkcenter.org/wp-content/uploads/2023/03/2023-03-08-Euro-EEP-Windsor-Framework.csv,cache,6760,/Users/pradyu/Documents/New project 4/data/raw/csv/europe-windsor-framework.csv,reused cached raw response
2026-05-01T21:21:30.631703+00:00,page,https://kentclarkcenter.org/surveys/inflation-indexed-bonds/,cache,361897,/Users/pradyu/Documents/New project 4/data/raw/page/inflation-indexed-bonds.html,reused cached raw response
2026-05-01T21:21:30.683446+00:00,csv,https://kentclarkcenter.org/wp-content/uploads/2023/03/2023-02-22-Finance-Inflation-Indexed-Bonds.csv,cache,7012,/Users/pradyu/Documents/New project 4/data/raw/csv/finance-inflation-indexed-bonds.csv,reused cached raw response
2026-05-01T21:21:30.684372+00:00,page,https://kentclarkcenter.org/surveys/medicare-funding/,cache,444350,/Users/pradyu/Documents/New project 4/data/raw/page/medicare-funding.html,reused cached raw response
2026-05-01T21:21:30.755360+00:00,csv,https://kentclarkcenter.org/wp-content/uploads/2023/03/2023-03-15-US-EEP-Medicare-Funding.csv,cache,6166,/Users/pradyu/Documents/New project 4/data/raw/csv/us-medicare-funding.csv,reused cached raw response
2026-05-01T21:21:30.756729+00:00,page,https://kentclarkcenter.org/surveys/innovation-and-growth/,cache,287999,/Users/pradyu/Documents/New project 4/data/raw/page/innovation-and-growth.html,reused cached raw response
2026-05-01T21:21:30.793819+00:00,csv,https://kentclarkcenter.org/wp-content/uploads/2020/12/2014-02-11-US-EEP-Innovation-and-Growth.csv,cache,4337,/Users/pradyu/Documents/New project 4/data/raw/csv/us-innovation-and-growth.csv,reused cached raw response
2026-05-01T21:21:30.794509+00:00,page,https://kentclarkcenter.org/surveys/banking-crisis/,cache,460639,/Users/pradyu/Documents/New project 4/data/raw/page/banking-crisis.html,reused cached raw response
2026-05-01T21:21:30.868119+00:00,csv,https://kentclarkcenter.org/wp-content/uploads/2023/03/2023-03-29-US-EEP-Banking-Crisis.csv,cache,8943,/Users/pradyu/Documents/New project 4/data/raw/csv/us-banking-crisis.csv,reused cached raw response
2026-05-01T21:21:30.869408+00:00,page,https://kentclarkcenter.org/surveys/banking-crisis-2/,cache,516650,/Users/pradyu/Documents/New project 4/data/raw/page/banking-crisis-2.html,reused cached raw response
2026-05-01T21:21:30.973091+00:00,csv,https://kentclarkcenter.org/wp-content/uploads/2023/03/2023-03-29-Euro-EEP-Banking-Crisis.csv,cache,10595,/Users/pradyu/Documents/New project 4/data/raw/csv/europe-banking-crisis-2.csv,reused cached raw response
2026-05-01T21:21:30.974667+00:00,page,https://kentclarkcenter.org/surveys/banking-crisis-3/,cache,471071,/Users/pradyu/Documents/New project 4/data/raw/page/banking-crisis-3.html,reused cached raw response
2026-05-01T21:21:31.053003+00:00,csv,https://kentclarkcenter.org/wp-content/uploads/2023/03/2023-03-29-Finance-Banking-Crisis.csv,cache,13540,/Users/pradyu/Documents/New project 4/data/raw/csv/finance-banking-crisis-3.csv,reused cached raw response
2026-05-01T21:21:31.054370+00:00,page,https://kentclarkcenter.org/surveys/steel-and-aluminum-tariffs/,cache,284731,/Users/pradyu/Documents/New project 4/data/raw/page/steel-and-aluminum-tariffs.html,reused cached raw response
2026-05-01T21:21:31.095246+00:00,csv,https://kentclarkcenter.org/wp-content/uploads/2020/12/2018-03-12-US-EEP-Steel-and-Aluminium-Tariffs.csv,cache,2791,/Users/pradyu/Documents/New project 4/data/raw/csv/us-steel-and-aluminum-tariffs.csv,reused cached raw response
2026-05-01T21:21:31.095891+00:00,page,https://kentclarkcenter.org/surveys/global-supply-chains/,cache,494306,/Users/pradyu/Documents/New project 4/data/raw/page/global-supply-chains.html,reused cached raw response
2026-05-01T21:21:31.186827+00:00,csv,https://kentclarkcenter.org/wp-content/uploads/2022/01/2022-01-25-US-EEP-Global-Supply-Chains.csv,cache,8712,/Users/pradyu/Documents/New project 4/data/raw/csv/us-global-supply-chains.csv,reused cached raw response
2026-05-01T21:21:31.188201+00:00,page,https://kentclarkcenter.org/surveys/auction-theory/,cache,283898,/Users/pradyu/Documents/New project 4/data/raw/page/auction-theory.html,reused cached raw response
2026-05-01T21:21:31.230537+00:00,csv,https://kentclarkcenter.org/wp-content/uploads/2020/10/2020-10-21-Euro-EEP-Auction-Theory.csv,cache,2271,/Users/pradyu/Documents/New project 4/data/raw/csv/europe-auction-theory.csv,reused cached raw response
2026-05-01T21:21:31.231201+00:00,page,https://kentclarkcenter.org/surveys/dollar-dominance/,cache,369806,/Users/pradyu/Documents/New project 4/data/raw/page/dollar-dominance.html,reused cached raw response
2026-05-01T21:21:31.292701+00:00,csv,https://kentclarkcenter.org/wp-content/uploads/2023/04/2023-04-11-US-EEP-Dollar-Dominance.csv,cache,4887,/Users/pradyu/Documents/New project 4/data/raw/csv/us-dollar-dominance.csv,reused cached raw response
2026-05-01T21:21:31.293696+00:00,page,https://kentclarkcenter.org/surveys/working-from-home-2/,cache,502941,/Users/pradyu/Documents/New project 4/data/raw/page/working-from-home-2.html,reused cached raw response
2026-05-01T21:21:31.387268+00:00,csv,https://kentclarkcenter.org/wp-content/uploads/2022/01/2022-01-28-US-EEP-Working-From-Home.csv,cache,6000,/Users/pradyu/Documents/New project 4/data/raw/csv/us-working-from-home-2.csv,reused cached raw response
2026-05-01T21:21:31.388698+00:00,page,https://kentclarkcenter.org/surveys/wealth-taxes/,cache,485799,/Users/pradyu/Documents/New project 4/data/raw/page/wealth-taxes.html,reused cached raw response
2026-05-01T21:21:31.475534+00:00,csv,https://kentclarkcenter.org/wp-content/uploads/2020/12/2019-04-09-US-EEP-Wealth-Taxes.csv,cache,8399,/Users/pradyu/Documents/New project 4/data/raw/csv/us-wealth-taxes.csv,reused cached raw response
2026-05-01T21:21:31.476938+00:00,page,https://kentclarkcenter.org/surveys/us-interest-rates/,cache,377380,/Users/pradyu/Documents/New project 4/data/raw/page/us-interest-rates.html,reused cached raw response
2026-05-01T21:21:31.537809+00:00,csv,https://kentclarkcenter.org/wp-content/uploads/2020/12/2015-12-10-US-EEP-US-Interest-Rates.csv,cache,4992,/Users/pradyu/Documents/New project 4/data/raw/csv/us-us-interest-rates.csv,reused cached raw response
2026-05-01T21:21:31.538974+00:00,page,https://kentclarkcenter.org/surveys/twitter-2/,cache,411166,/Users/pradyu/Documents/New project 4/data/raw/page/twitter-2.html,reused cached raw response
2026-05-01T21:21:31.611875+00:00,csv,https://kentclarkcenter.org/wp-content/uploads/2022/11/2022-11-29-Euro-EEP-Twitter.csv,cache,4773,/Users/pradyu/Documents/New project 4/data/raw/csv/europe-twitter-2.csv,reused cached raw response
2026-05-01T21:21:31.612946+00:00,page,https://kentclarkcenter.org/surveys/trade-barriers-for-sugar/,cache,272266,/Users/pradyu/Documents/New project 4/data/raw/page/trade-barriers-for-sugar.html,reused cached raw response
2026-05-01T21:21:31.646043+00:00,csv,https://kentclarkcenter.org/wp-content/uploads/2020/12/2012-08-27-US-EEP-Trade-Barriers-for-Sugar.csv,cache,2394,/Users/pradyu/Documents/New project 4/data/raw/csv/us-trade-barriers-for-sugar.csv,reused cached raw response
2026-05-01T21:21:31.646649+00:00,page,https://kentclarkcenter.org/surveys/the-cbo/,cache,383071,/Users/pradyu/Documents/New project 4/data/raw/page/the-cbo.html,reused cached raw response
2026-05-01T21:21:31.702849+00:00,csv,https://kentclarkcenter.org/wp-content/uploads/2020/12/2017-03-21-US-EEP-The-CBO.csv,cache,3869,/Users/pradyu/Documents/New project 4/data/raw/csv/us-the-cbo.csv,reused cached raw response
2026-05-01T21:21:31.703749+00:00,page,https://kentclarkcenter.org/surveys/small-firms/,cache,271930,/Users/pradyu/Documents/New project 4/data/raw/page/small-firms.html,reused cached raw response
2026-05-01T21:21:31.736894+00:00,csv,https://kentclarkcenter.org/wp-content/uploads/2020/12/2013-01-08-US-EEP-Small-Firms.csv,cache,2626,/Users/pradyu/Documents/New project 4/data/raw/csv/us-small-firms.csv,reused cached raw response
2026-05-01T21:21:31.737476+00:00,page,https://kentclarkcenter.org/surveys/ranked-choice-voting/,cache,280301,/Users/pradyu/Documents/New project 4/data/raw/page/ranked-choice-voting.html,reused cached raw response
2026-05-01T21:21:31.772844+00:00,csv,https://kentclarkcenter.org/wp-content/uploads/2020/12/2018-12-18-US-EEP-Ranked-choice-Voting.csv,cache,3581,/Users/pradyu/Documents/New project 4/data/raw/csv/us-ranked-choice-voting.csv,reused cached raw response
2026-05-01T21:21:31.773516+00:00,page,https://kentclarkcenter.org/surveys/net-neutrality-ii/,cache,288846,/Users/pradyu/Documents/New project 4/data/raw/page/net-neutrality-ii.html,reused cached raw response
2026-05-01T21:21:31.810618+00:00,csv,https://kentclarkcenter.org/wp-content/uploads/2020/12/2014-05-06-US-EEP-Net-Neutrality-II.csv,cache,5089,/Users/pradyu/Documents/New project 4/data/raw/csv/us-net-neutrality-ii.csv,reused cached raw response
2026-05-01T21:21:31.811321+00:00,page,https://kentclarkcenter.org/surveys/net-neutrality/,cache,252843,/Users/pradyu/Documents/New project 4/data/raw/page/net-neutrality.html,reused cached raw response
2026-05-01T21:21:31.840397+00:00,csv,https://kentclarkcenter.org/wp-content/uploads/2020/12/2013-10-24-US-EEP-Net-Neutrality.csv,cache,2173,/Users/pradyu/Documents/New project 4/data/raw/csv/us-net-neutrality.csv,reused cached raw response
2026-05-01T21:21:31.840914+00:00,page,https://kentclarkcenter.org/surveys/discount-rates/,cache,357418,/Users/pradyu/Documents/New project 4/data/raw/page/discount-rates.html,reused cached raw response
2026-05-01T21:21:31.890710+00:00,csv,https://kentclarkcenter.org/wp-content/uploads/2023/04/2023-04-18-Finance-Discount-Rates.csv,cache,8554,/Users/pradyu/Documents/New project 4/data/raw/csv/finance-discount-rates.csv,reused cached raw response
2026-05-01T21:21:31.891685+00:00,page,https://kentclarkcenter.org/surveys/frances-retirement-age/,cache,411523,/Users/pradyu/Documents/New project 4/data/raw/page/frances-retirement-age.html,reused cached raw response
2026-05-01T21:21:31.974868+00:00,csv,https://kentclarkcenter.org/wp-content/uploads/2023/04/2023-04-20-Euro-EEP-Frances-Retirement-Age.csv,cache,7108,/Users/pradyu/Documents/New project 4/data/raw/csv/europe-frances-retirement-age.csv,reused cached raw response
2026-05-01T21:21:31.976004+00:00,page,https://kentclarkcenter.org/surveys/ai-and-productivity-growth/,cache,403646,/Users/pradyu/Documents/New project 4/data/raw/page/ai-and-productivity-growth.html,reused cached raw response
2026-05-01T21:21:32.039618+00:00,csv,https://kentclarkcenter.org/wp-content/uploads/2023/04/2023-04-27-Euro-EEP-AI-and-Productivity-Growth.csv,cache,5638,/Users/pradyu/Documents/New project 4/data/raw/csv/europe-ai-and-productivity-growth.csv,reused cached raw response
2026-05-01T21:21:32.040782+00:00,page,https://kentclarkcenter.org/surveys/ai-and-productivity-growth-2/,cache,378789,/Users/pradyu/Documents/New project 4/data/raw/page/ai-and-productivity-growth-2.html,reused cached raw response
2026-05-01T21:21:32.099986+00:00,csv,https://kentclarkcenter.org/wp-content/uploads/2023/04/2023-04-27-US-EEP-AI-and-Productivity-Growth.csv,cache,4826,/Users/pradyu/Documents/New project 4/data/raw/csv/us-ai-and-productivity-growth-2.csv,reused cached raw response
2026-05-01T21:21:32.100914+00:00,page,https://kentclarkcenter.org/surveys/tiktok/,cache,365400,/Users/pradyu/Documents/New project 4/data/raw/page/tiktok.html,reused cached raw response
2026-05-01T21:21:32.160560+00:00,csv,https://kentclarkcenter.org/wp-content/uploads/2023/05/2023-05-09-US-EEP-TikTok.csv,cache,4069,/Users/pradyu/Documents/New project 4/data/raw/csv/us-tiktok.csv,reused cached raw response
2026-05-01T21:21:32.161522+00:00,page,https://kentclarkcenter.org/surveys/ai-innovation-and-society/,cache,405086,/Users/pradyu/Documents/New project 4/data/raw/page/ai-innovation-and-society.html,reused cached raw response
2026-05-01T21:21:32.234027+00:00,csv,https://kentclarkcenter.org/wp-content/uploads/2023/05/2023-05-17-Euro-EEP-AI-Innovation-and-Society.csv,cache,4787,/Users/pradyu/Documents/New project 4/data/raw/csv/europe-ai-innovation-and-society.csv,reused cached raw response
2026-05-01T21:21:32.236046+00:00,page,https://kentclarkcenter.org/surveys/banks-business-model/,cache,356206,/Users/pradyu/Documents/New project 4/data/raw/page/banks-business-model.html,reused cached raw response
2026-05-01T21:21:32.298810+00:00,csv,https://kentclarkcenter.org/wp-content/uploads/2023/05/2023-05-17-Finance-Banks-Business-Model.csv,cache,7864,/Users/pradyu/Documents/New project 4/data/raw/csv/finance-banks-business-model.csv,reused cached raw response
2026-05-01T21:21:32.299776+00:00,page,https://kentclarkcenter.org/surveys/expectations-policy-and-growth/,cache,466428,/Users/pradyu/Documents/New project 4/data/raw/page/expectations-policy-and-growth.html,reused cached raw response
2026-05-01T21:21:32.384128+00:00,csv,https://kentclarkcenter.org/wp-content/uploads/2023/05/2023-05-31-US-EEP-Expectations-Policy-and-Growth.csv,cache,5585,/Users/pradyu/Documents/New project 4/data/raw/csv/us-expectations-policy-and-growth.csv,reused cached raw response
2026-05-01T21:21:32.385460+00:00,page,https://kentclarkcenter.org/surveys/esg-factors/,cache,362384,/Users/pradyu/Documents/New project 4/data/raw/page/esg-factors.html,reused cached raw response
2026-05-01T21:21:32.446812+00:00,csv,https://kentclarkcenter.org/wp-content/uploads/2023/06/2023-06-07-Finance-ESG-Factors.csv,cache,8656,/Users/pradyu/Documents/New project 4/data/raw/csv/finance-esg-factors.csv,reused cached raw response
2026-05-01T21:21:32.447800+00:00,page,https://kentclarkcenter.org/surveys/greedflation/,cache,505037,/Users/pradyu/Documents/New project 4/data/raw/page/greedflation.html,reused cached raw response
2026-05-01T21:21:32.545555+00:00,csv,https://kentclarkcenter.org/wp-content/uploads/2023/06/2023-06-08-Euro-EEP-Greedflation.csv,cache,7362,/Users/pradyu/Documents/New project 4/data/raw/csv/europe-greedflation.csv,reused cached raw response
2026-05-01T21:21:32.547074+00:00,page,https://kentclarkcenter.org/surveys/junk-fees/,cache,470944,/Users/pradyu/Documents/New project 4/data/raw/page/junk-fees.html,reused cached raw response
2026-05-01T21:21:32.634899+00:00,csv,https://kentclarkcenter.org/wp-content/uploads/2023/06/2023-06-21-US-EEP-Junk-Fees.csv,cache,7514,/Users/pradyu/Documents/New project 4/data/raw/csv/us-junk-fees.csv,reused cached raw response
2026-05-01T21:21:32.636220+00:00,page,https://kentclarkcenter.org/surveys/doom-loops-and-europes-financial-system/,cache,515482,/Users/pradyu/Documents/New project 4/data/raw/page/doom-loops-and-europes-financial-system.html,reused cached raw response
2026-05-01T21:21:32.722283+00:00,csv,https://kentclarkcenter.org/wp-content/uploads/2020/09/2019-05-22-Euro-EEP-Doom-Loops-and-Financial-Europeans-System.csv,cache,7604,/Users/pradyu/Documents/New project 4/data/raw/csv/europe-doom-loops-and-europes-financial-system.csv,reused cached raw response
2026-05-01T21:21:32.723983+00:00,page,https://kentclarkcenter.org/surveys/commercial-real-estate/,cache,353706,/Users/pradyu/Documents/New project 4/data/raw/page/commercial-real-estate.html,reused cached raw response
2026-05-01T21:21:32.773749+00:00,csv,https://kentclarkcenter.org/wp-content/uploads/2023/07/2023-07-06-Finance-Commercial-Real-Estate.csv,cache,7334,/Users/pradyu/Documents/New project 4/data/raw/csv/finance-commercial-real-estate.csv,reused cached raw response
2026-05-01T21:21:32.774717+00:00,page,https://kentclarkcenter.org/surveys/non-bank-financial-intermediaries/,cache,500907,/Users/pradyu/Documents/New project 4/data/raw/page/non-bank-financial-intermediaries.html,reused cached raw response
2026-05-01T21:21:32.858070+00:00,csv,https://kentclarkcenter.org/wp-content/uploads/2023/06/2023-07-06-Euro-EEP-Non-Bank-Financial-Intermediaries.csv,cache,13698,/Users/pradyu/Documents/New project 4/data/raw/csv/europe-non-bank-financial-intermediaries.csv,reused cached raw response
2026-05-01T21:21:32.859963+00:00,page,https://kentclarkcenter.org/surveys/non-bank-financial-intermediaries-2/,cache,454880,/Users/pradyu/Documents/New project 4/data/raw/page/non-bank-financial-intermediaries-2.html,reused cached raw response
2026-05-01T21:21:32.950586+00:00,csv,https://kentclarkcenter.org/wp-content/uploads/2023/07/2023-07-07-US-EEP-Non-Bank-Financial-Intermediaries.csv,cache,6144,/Users/pradyu/Documents/New project 4/data/raw/csv/us-non-bank-financial-intermediaries-2.csv,reused cached raw response
2026-05-01T21:21:32.951893+00:00,page,https://kentclarkcenter.org/surveys/new-money-market-fund-rules/,cache,337954,/Users/pradyu/Documents/New project 4/data/raw/page/new-money-market-fund-rules.html,reused cached raw response
2026-05-01T21:21:32.998892+00:00,csv,https://kentclarkcenter.org/wp-content/uploads/2023/07/2023-07-28-Finance-New-Money-Market-Fund-Rules.csv,cache,6642,/Users/pradyu/Documents/New project 4/data/raw/csv/finance-new-money-market-fund-rules.csv,reused cached raw response
2026-05-01T21:21:32.999840+00:00,page,https://kentclarkcenter.org/surveys/fiscal-rules/,cache,437353,/Users/pradyu/Documents/New project 4/data/raw/page/fiscal-rules.html,reused cached raw response
2026-05-01T21:21:33.073398+00:00,csv,https://kentclarkcenter.org/wp-content/uploads/2023/07/2023-07-31-US-EEP-Fiscal-Rules.csv,cache,4766,/Users/pradyu/Documents/New project 4/data/raw/csv/us-fiscal-rules.csv,reused cached raw response
2026-05-01T21:21:33.074705+00:00,page,https://kentclarkcenter.org/surveys/fiscal-rules-2/,cache,501316,/Users/pradyu/Documents/New project 4/data/raw/page/fiscal-rules-2.html,reused cached raw response
2026-05-01T21:21:33.163625+00:00,csv,https://kentclarkcenter.org/wp-content/uploads/2023/07/2023-07-31-Euro-EEP-Fiscal-Rules.csv,cache,7174,/Users/pradyu/Documents/New project 4/data/raw/csv/europe-fiscal-rules-2.csv,reused cached raw response
2026-05-01T21:21:33.165085+00:00,page,https://kentclarkcenter.org/surveys/europes-environmental-taxonomy/,cache,497121,/Users/pradyu/Documents/New project 4/data/raw/page/europes-environmental-taxonomy.html,reused cached raw response
2026-05-01T21:21:33.258533+00:00,csv,https://kentclarkcenter.org/wp-content/uploads/2023/09/2023-09-07-Euro-EEP-Europes-Environmental-Taxonomy.csv,cache,7204,/Users/pradyu/Documents/New project 4/data/raw/csv/europe-europes-environmental-taxonomy.csv,reused cached raw response
2026-05-01T21:21:33.260068+00:00,page,https://kentclarkcenter.org/surveys/enhanced-regulation-of-private-fund-advisers/,cache,433711,/Users/pradyu/Documents/New project 4/data/raw/page/enhanced-regulation-of-private-fund-advisers.html,reused cached raw response
2026-05-01T21:21:33.336085+00:00,csv,https://kentclarkcenter.org/wp-content/uploads/2023/09/2023-09-14-Finance-Enhanced-Regulation-of-Private-Fund-Advisers.csv,cache,8171,/Users/pradyu/Documents/New project 4/data/raw/csv/finance-enhanced-regulation-of-private-fund-advisers.csv,reused cached raw response
2026-05-01T21:21:33.337394+00:00,page,https://kentclarkcenter.org/surveys/debt-sustainability-2/,cache,488664,/Users/pradyu/Documents/New project 4/data/raw/page/debt-sustainability-2.html,reused cached raw response
2026-05-01T21:21:33.428303+00:00,csv,https://kentclarkcenter.org/wp-content/uploads/2023/09/2023-09-14-Euro-EEP-Debt-Sustainability.csv,cache,8155,/Users/pradyu/Documents/New project 4/data/raw/csv/europe-debt-sustainability-2.csv,reused cached raw response
2026-05-01T21:21:33.429957+00:00,page,https://kentclarkcenter.org/surveys/policy-responses-to-recent-bank-failures/,cache,523386,/Users/pradyu/Documents/New project 4/data/raw/page/policy-responses-to-recent-bank-failures.html,reused cached raw response
2026-05-01T21:21:33.529947+00:00,csv,https://kentclarkcenter.org/wp-content/uploads/2023/09/2023-09-14-US-EEP-Policy-Responses-to-Recent-Bank-Failures.csv,cache,7837,/Users/pradyu/Documents/New project 4/data/raw/csv/us-policy-responses-to-recent-bank-failures.csv,reused cached raw response
2026-05-01T21:21:33.531593+00:00,page,https://kentclarkcenter.org/surveys/debt-sustainability/,cache,426739,/Users/pradyu/Documents/New project 4/data/raw/page/debt-sustainability.html,reused cached raw response
2026-05-01T21:21:33.613732+00:00,csv,https://kentclarkcenter.org/wp-content/uploads/2023/09/2023-09-14-US-EEP-Debt-Sustainability.csv,cache,5752,/Users/pradyu/Documents/New project 4/data/raw/csv/us-debt-sustainability.csv,reused cached raw response
2026-05-01T21:21:33.615069+00:00,page,https://kentclarkcenter.org/surveys/policy-responses-to-recent-bank-failures-2/,cache,600572,/Users/pradyu/Documents/New project 4/data/raw/page/policy-responses-to-recent-bank-failures-2.html,reused cached raw response
2026-05-01T21:21:33.724509+00:00,csv,https://kentclarkcenter.org/wp-content/uploads/2023/09/2023-09-14-Euro-EEP-Policy-Responses-to-Recent-Bank-Failures.csv,cache,9639,/Users/pradyu/Documents/New project 4/data/raw/csv/europe-policy-responses-to-recent-bank-failures-2.csv,reused cached raw response
2026-05-01T21:21:33.726528+00:00,page,https://kentclarkcenter.org/surveys/ai-and-market-power/,cache,453874,/Users/pradyu/Documents/New project 4/data/raw/page/ai-and-market-power.html,reused cached raw response
2026-05-01T21:21:33.799418+00:00,csv,https://kentclarkcenter.org/wp-content/uploads/2023/09/2023-09-21-US-EEP-AI-and-Market-Power.csv,cache,6188,/Users/pradyu/Documents/New project 4/data/raw/csv/us-ai-and-market-power.csv,reused cached raw response
2026-05-01T21:21:33.800653+00:00,page,https://kentclarkcenter.org/surveys/ai-and-market-power-2/,cache,486994,/Users/pradyu/Documents/New project 4/data/raw/page/ai-and-market-power-2.html,reused cached raw response
2026-05-01T21:21:33.881466+00:00,csv,https://kentclarkcenter.org/wp-content/uploads/2023/09/2023-09-21-Euro-EEP-AI-and-Market-Power.csv,cache,5908,/Users/pradyu/Documents/New project 4/data/raw/csv/europe-ai-and-market-power-2.csv,reused cached raw response
2026-05-01T21:21:33.882947+00:00,page,https://kentclarkcenter.org/surveys/ai-and-the-labor-market/,cache,454835,/Users/pradyu/Documents/New project 4/data/raw/page/ai-and-the-labor-market.html,reused cached raw response
2026-05-01T21:21:33.978966+00:00,csv,https://kentclarkcenter.org/wp-content/uploads/2023/09/2023-09-21-US-EEP-AI-and-the-Labor-Market.csv,cache,6383,/Users/pradyu/Documents/New project 4/data/raw/csv/us-ai-and-the-labor-market.csv,reused cached raw response
2026-05-01T21:21:33.980227+00:00,page,https://kentclarkcenter.org/surveys/ai-and-the-labor-market-2/,cache,491385,/Users/pradyu/Documents/New project 4/data/raw/page/ai-and-the-labor-market-2.html,reused cached raw response
2026-05-01T21:21:34.065350+00:00,csv,https://kentclarkcenter.org/wp-content/uploads/2023/09/2023-09-21-Euro-EEP-AI-and-the-Labor-Market.csv,cache,6750,/Users/pradyu/Documents/New project 4/data/raw/csv/europe-ai-and-the-labor-market-2.csv,reused cached raw response
2026-05-01T21:21:34.066810+00:00,page,https://kentclarkcenter.org/surveys/subsidizing-green-technology/,cache,373263,/Users/pradyu/Documents/New project 4/data/raw/page/subsidizing-green-technology.html,reused cached raw response
2026-05-01T21:21:34.120526+00:00,csv,https://kentclarkcenter.org/wp-content/uploads/2023/09/2023-09-29-US-EEP-Subsidizing-Green-Technology.csv,cache,5913,/Users/pradyu/Documents/New project 4/data/raw/csv/us-subsidizing-green-technology.csv,reused cached raw response
2026-05-01T21:21:34.121510+00:00,page,https://kentclarkcenter.org/surveys/responses-to-market-power/,cache,458446,/Users/pradyu/Documents/New project 4/data/raw/page/responses-to-market-power.html,reused cached raw response
2026-05-01T21:21:34.206356+00:00,csv,https://kentclarkcenter.org/wp-content/uploads/2023/09/2023-09-29-US-EEP-Responses-To-Market-Power.csv,cache,6439,/Users/pradyu/Documents/New project 4/data/raw/csv/us-responses-to-market-power.csv,reused cached raw response
2026-05-01T21:21:34.207724+00:00,page,https://kentclarkcenter.org/surveys/responses-to-market-power-2/,cache,492685,/Users/pradyu/Documents/New project 4/data/raw/page/responses-to-market-power-2.html,reused cached raw response
2026-05-01T21:21:34.300212+00:00,csv,https://kentclarkcenter.org/wp-content/uploads/2023/09/2023-09-29-Euro-EEP-Responses-To-Market-Power.csv,cache,5068,/Users/pradyu/Documents/New project 4/data/raw/csv/europe-responses-to-market-power-2.csv,reused cached raw response
2026-05-01T21:21:34.301660+00:00,page,https://kentclarkcenter.org/surveys/subsidizing-green-technology-2/,cache,399583,/Users/pradyu/Documents/New project 4/data/raw/page/subsidizing-green-technology-2.html,reused cached raw response
2026-05-01T21:21:34.367018+00:00,csv,https://kentclarkcenter.org/wp-content/uploads/2023/09/2023-09-28-Euro-EEP-Subsidizing-Green-Technology.csv,cache,5233,/Users/pradyu/Documents/New project 4/data/raw/csv/europe-subsidizing-green-technology-2.csv,reused cached raw response
2026-05-01T21:21:34.368097+00:00,page,https://kentclarkcenter.org/surveys/long-term-capital-management/,cache,356407,/Users/pradyu/Documents/New project 4/data/raw/page/long-term-capital-management.html,reused cached raw response
2026-05-01T21:21:34.423541+00:00,csv,https://kentclarkcenter.org/wp-content/uploads/2023/10/2023-10-09-Finance-Long-Term-Capital-Management.csv,cache,6673,/Users/pradyu/Documents/New project 4/data/raw/csv/finance-long-term-capital-management.csv,reused cached raw response
2026-05-01T21:21:34.424512+00:00,page,https://kentclarkcenter.org/surveys/women-and-the-labor-market/,cache,474284,/Users/pradyu/Documents/New project 4/data/raw/page/women-and-the-labor-market.html,reused cached raw response
2026-05-01T21:21:34.514621+00:00,csv,https://kentclarkcenter.org/wp-content/uploads/2023/10/2023-10-18-US-EEP-Women-and-the-Labor-Market.csv,cache,6389,/Users/pradyu/Documents/New project 4/data/raw/csv/us-women-and-the-labor-market.csv,reused cached raw response
2026-05-01T21:21:34.515915+00:00,page,https://kentclarkcenter.org/surveys/land-value-tax/,cache,267660,/Users/pradyu/Documents/New project 4/data/raw/page/land-value-tax.html,reused cached raw response
2026-05-01T21:21:34.549580+00:00,csv,https://kentclarkcenter.org/wp-content/uploads/2023/11/2023-11-02-US-EEP-Land-Value-Tax.csv,cache,2255,/Users/pradyu/Documents/New project 4/data/raw/csv/us-land-value-tax.csv,reused cached raw response
2026-05-01T21:21:34.550151+00:00,page,https://kentclarkcenter.org/surveys/quantitative-tightening-and-demand-for-us-treasuries/,cache,360481,/Users/pradyu/Documents/New project 4/data/raw/page/quantitative-tightening-and-demand-for-us-treasuries.html,reused cached raw response
2026-05-01T21:21:34.612407+00:00,csv,https://kentclarkcenter.org/wp-content/uploads/2023/10/2023-10-25-Finance-Quantitative-Tightening-and-Demand-for-US-Treasuries.csv,cache,7256,/Users/pradyu/Documents/New project 4/data/raw/csv/finance-quantitative-tightening-and-demand-for-us-treasuries.csv,reused cached raw response
2026-05-01T21:21:34.613397+00:00,page,https://kentclarkcenter.org/surveys/modern-portfolio-theory/,cache,373032,/Users/pradyu/Documents/New project 4/data/raw/page/modern-portfolio-theory.html,reused cached raw response
2026-05-01T21:21:34.667041+00:00,csv,https://kentclarkcenter.org/wp-content/uploads/2023/11/2023-11-15-Finance-Modern-Portfolio-Theory.csv,cache,7821,/Users/pradyu/Documents/New project 4/data/raw/csv/finance-modern-portfolio-theory.csv,reused cached raw response
2026-05-01T21:21:34.668041+00:00,page,https://kentclarkcenter.org/surveys/women-and-the-labor-market-2/,cache,524744,/Users/pradyu/Documents/New project 4/data/raw/page/women-and-the-labor-market-2.html,reused cached raw response
2026-05-01T21:21:34.756628+00:00,csv,https://kentclarkcenter.org/wp-content/uploads/2023/10/2023-10-19-Euro-EEP-Women-and-the-Labor-Market.csv,cache,5428,/Users/pradyu/Documents/New project 4/data/raw/csv/europe-women-and-the-labor-market-2.csv,reused cached raw response
2026-05-01T21:21:34.758214+00:00,page,https://kentclarkcenter.org/surveys/the-tax-cuts-and-jobs-act-tcja-of-2017/,cache,611163,/Users/pradyu/Documents/New project 4/data/raw/page/the-tax-cuts-and-jobs-act-tcja-of-2017.html,reused cached raw response
2026-05-01T21:21:34.872458+00:00,csv,https://kentclarkcenter.org/wp-content/uploads/2023/11/2023-11-20-US-EEP-The-Tax-Cuts-and-Jobs-Act-TCJA-of-2017.csv,cache,6574,/Users/pradyu/Documents/New project 4/data/raw/csv/us-the-tax-cuts-and-jobs-act-tcja-of-2017.csv,reused cached raw response
2026-05-01T21:21:34.874686+00:00,page,https://kentclarkcenter.org/surveys/public-corporations/,cache,407806,/Users/pradyu/Documents/New project 4/data/raw/page/public-corporations.html,reused cached raw response
2026-05-01T21:21:34.955740+00:00,csv,https://kentclarkcenter.org/wp-content/uploads/2023/11/2023-11-20-Euro-EEP-Public-Corporations.csv,cache,6914,/Users/pradyu/Documents/New project 4/data/raw/csv/europe-public-corporations.csv,reused cached raw response
2026-05-01T21:21:34.956940+00:00,page,https://kentclarkcenter.org/surveys/argentina-2/,cache,399484,/Users/pradyu/Documents/New project 4/data/raw/page/argentina-2.html,reused cached raw response
2026-05-01T21:21:35.016598+00:00,csv,https://kentclarkcenter.org/wp-content/uploads/2023/12/2023-12-07-Euro-EEP-Argentina.csv,cache,4901,/Users/pradyu/Documents/New project 4/data/raw/csv/europe-argentina-2.csv,reused cached raw response
2026-05-01T21:21:35.017696+00:00,page,https://kentclarkcenter.org/surveys/argentina/,cache,344721,/Users/pradyu/Documents/New project 4/data/raw/page/argentina.html,reused cached raw response
2026-05-01T21:21:35.070763+00:00,csv,https://kentclarkcenter.org/wp-content/uploads/2023/12/2023-12-06-US-EEP-Argentina.csv,cache,3911,/Users/pradyu/Documents/New project 4/data/raw/csv/us-argentina.csv,reused cached raw response
2026-05-01T21:21:35.071695+00:00,page,https://kentclarkcenter.org/surveys/cost-benefit-analysis-of-regulation/,cache,264157,/Users/pradyu/Documents/New project 4/data/raw/page/cost-benefit-analysis-of-regulation.html,reused cached raw response
2026-05-01T21:21:35.104087+00:00,csv,https://kentclarkcenter.org/wp-content/uploads/2023/12/2023-12-07-Finance-Cost-Benefit-Analysis-of-Regulation.csv,cache,4580,/Users/pradyu/Documents/New project 4/data/raw/csv/finance-cost-benefit-analysis-of-regulation.csv,reused cached raw response
2026-05-01T21:21:35.104717+00:00,page,https://kentclarkcenter.org/surveys/us-steel/,cache,349537,/Users/pradyu/Documents/New project 4/data/raw/page/us-steel.html,reused cached raw response
2026-05-01T21:21:35.158394+00:00,csv,https://kentclarkcenter.org/wp-content/uploads/2024/01/2024-01-17-US-EEP-US-Steel.csv,cache,3434,/Users/pradyu/Documents/New project 4/data/raw/csv/us-us-steel.csv,reused cached raw response
2026-05-01T21:21:35.159276+00:00,page,https://kentclarkcenter.org/surveys/bitcoin-exchange-traded-products/,cache,270448,/Users/pradyu/Documents/New project 4/data/raw/page/bitcoin-exchange-traded-products.html,reused cached raw response
2026-05-01T21:21:35.196865+00:00,csv,https://kentclarkcenter.org/wp-content/uploads/2024/01/2024-01-17-Finance-Bitcoin-Exchange-Traded-Products.csv,cache,4766,/Users/pradyu/Documents/New project 4/data/raw/csv/finance-bitcoin-exchange-traded-products.csv,reused cached raw response
2026-05-01T21:21:35.197494+00:00,page,https://kentclarkcenter.org/surveys/germanys-debt-brake/,cache,413846,/Users/pradyu/Documents/New project 4/data/raw/page/germanys-debt-brake.html,reused cached raw response
2026-05-01T21:21:35.266766+00:00,csv,https://kentclarkcenter.org/wp-content/uploads/2024/01/2024-01-26-Euro-EEP-Germays-Debt-Brake.csv,cache,7134,/Users/pradyu/Documents/New project 4/data/raw/csv/europe-germanys-debt-brake.csv,reused cached raw response
2026-05-01T21:21:35.267926+00:00,page,https://kentclarkcenter.org/surveys/economic-sanctions-and-aid/,cache,391463,/Users/pradyu/Documents/New project 4/data/raw/page/economic-sanctions-and-aid.html,reused cached raw response
2026-05-01T21:21:35.335063+00:00,csv,https://kentclarkcenter.org/wp-content/uploads/2024/02/2024-02-07-US-EEP-Economic-Sanctions-and-Aid.csv,cache,6058,/Users/pradyu/Documents/New project 4/data/raw/csv/us-economic-sanctions-and-aid.csv,reused cached raw response
2026-05-01T21:21:35.336106+00:00,page,https://kentclarkcenter.org/surveys/tesla/,cache,271448,/Users/pradyu/Documents/New project 4/data/raw/page/tesla.html,reused cached raw response
2026-05-01T21:21:35.375289+00:00,csv,https://kentclarkcenter.org/wp-content/uploads/2024/02/2024-02-08-Finance-Tesla.csv,cache,4476,/Users/pradyu/Documents/New project 4/data/raw/csv/finance-tesla.csv,reused cached raw response
2026-05-01T21:21:35.375916+00:00,page,https://kentclarkcenter.org/surveys/economic-sanctions-and-aid-2/,cache,400453,/Users/pradyu/Documents/New project 4/data/raw/page/economic-sanctions-and-aid-2.html,reused cached raw response
2026-05-01T21:21:35.440083+00:00,csv,https://kentclarkcenter.org/wp-content/uploads/2024/02/2024-02-08-Euro-EEP-Economic-Sanctions-and-Aid.csv,cache,5295,/Users/pradyu/Documents/New project 4/data/raw/csv/europe-economic-sanctions-and-aid-2.csv,reused cached raw response
2026-05-01T21:21:35.441217+00:00,page,https://kentclarkcenter.org/surveys/congestion-pricing-in-new-york/,cache,401413,/Users/pradyu/Documents/New project 4/data/raw/page/congestion-pricing-in-new-york.html,reused cached raw response
2026-05-01T21:21:35.505832+00:00,csv,https://kentclarkcenter.org/wp-content/uploads/2024/02/2024-02-27-US-EEP-Congestion-Pricing-in-New-York.csv,cache,7797,/Users/pradyu/Documents/New project 4/data/raw/csv/us-congestion-pricing-in-new-york.csv,reused cached raw response
2026-05-01T21:21:35.507067+00:00,page,https://kentclarkcenter.org/surveys/stock-market-concentration/,cache,273065,/Users/pradyu/Documents/New project 4/data/raw/page/stock-market-concentration.html,reused cached raw response
2026-05-01T21:21:35.545824+00:00,csv,https://kentclarkcenter.org/wp-content/uploads/2024/02/2024-02-27-Finance-Stock-Market-Concentration.csv,cache,5400,/Users/pradyu/Documents/New project 4/data/raw/csv/finance-stock-market-concentration.csv,reused cached raw response
2026-05-01T21:21:35.546539+00:00,page,https://kentclarkcenter.org/surveys/drug-policy/,cache,293191,/Users/pradyu/Documents/New project 4/data/raw/page/drug-policy.html,reused cached raw response
2026-05-01T21:21:35.588216+00:00,csv,https://kentclarkcenter.org/wp-content/uploads/2024/02/2024-02-28-Euro-EEP-Drug-Policy.csv,cache,3265,/Users/pradyu/Documents/New project 4/data/raw/csv/europe-drug-policy.csv,reused cached raw response
2026-05-01T21:21:35.589081+00:00,page,https://kentclarkcenter.org/surveys/prescription-drugs/,cache,393226,/Users/pradyu/Documents/New project 4/data/raw/page/prescription-drugs.html,reused cached raw response
2026-05-01T21:21:35.660298+00:00,csv,https://kentclarkcenter.org/wp-content/uploads/2024/03/2024-03-13-US-EEP-Prescription-Drugs.csv,cache,5884,/Users/pradyu/Documents/New project 4/data/raw/csv/us-prescription-drugs.csv,reused cached raw response
2026-05-01T21:21:35.661384+00:00,page,https://kentclarkcenter.org/surveys/a-quarter-century-of-the-euro/,cache,406864,/Users/pradyu/Documents/New project 4/data/raw/page/a-quarter-century-of-the-euro.html,reused cached raw response
2026-05-01T21:21:35.722402+00:00,csv,https://kentclarkcenter.org/wp-content/uploads/2024/03/2024-03-14-Euro-EEP-A-Quarter-Century-of-the-Euro.csv,cache,6629,/Users/pradyu/Documents/New project 4/data/raw/csv/europe-a-quarter-century-of-the-euro.csv,reused cached raw response
2026-05-01T21:21:35.723753+00:00,page,https://kentclarkcenter.org/surveys/short-selling-and-asset-values/,cache,468397,/Users/pradyu/Documents/New project 4/data/raw/page/short-selling-and-asset-values.html,reused cached raw response
2026-05-01T21:21:35.800561+00:00,csv,https://kentclarkcenter.org/wp-content/uploads/2024/03/2024-03-26-Finance-Short-Selling-and-Asset-Values.csv,cache,8356,/Users/pradyu/Documents/New project 4/data/raw/csv/finance-short-selling-and-asset-values.csv,reused cached raw response
2026-05-01T21:21:35.801846+00:00,page,https://kentclarkcenter.org/surveys/supermarket-merger/,cache,381813,/Users/pradyu/Documents/New project 4/data/raw/page/supermarket-merger.html,reused cached raw response
2026-05-01T21:21:35.859515+00:00,csv,https://kentclarkcenter.org/wp-content/uploads/2024/03/2024-03-27-US-EEP-Supermarket-Merger.csv,cache,4249,/Users/pradyu/Documents/New project 4/data/raw/csv/us-supermarket-merger.csv,reused cached raw response
2026-05-01T21:21:35.860607+00:00,page,https://kentclarkcenter.org/surveys/artificial-intelligence-act/,cache,374896,/Users/pradyu/Documents/New project 4/data/raw/page/artificial-intelligence-act.html,reused cached raw response
2026-05-01T21:21:35.915164+00:00,csv,https://kentclarkcenter.org/wp-content/uploads/2024/03/2024-03-28-Euro-EEP-Artificial-Intelligence-Act.csv,cache,5546,/Users/pradyu/Documents/New project 4/data/raw/csv/europe-artificial-intelligence-act.csv,reused cached raw response
2026-05-01T21:21:35.916270+00:00,page,https://kentclarkcenter.org/surveys/passive-investors-and-us-banks/,cache,267039,/Users/pradyu/Documents/New project 4/data/raw/page/passive-investors-and-us-banks.html,reused cached raw response
2026-05-01T21:21:35.950513+00:00,csv,https://kentclarkcenter.org/wp-content/uploads/2024/04/2024-04-16-Finance-Passive-Investors-and-US-Banks.csv,cache,4383,/Users/pradyu/Documents/New project 4/data/raw/csv/finance-passive-investors-and-us-banks.csv,reused cached raw response
2026-05-01T21:21:35.951222+00:00,page,https://kentclarkcenter.org/surveys/test-scores-and-college-admissions/,cache,291655,/Users/pradyu/Documents/New project 4/data/raw/page/test-scores-and-college-admissions.html,reused cached raw response
2026-05-01T21:21:36.022637+00:00,csv,https://kentclarkcenter.org/wp-content/uploads/2024/04/2024-04-16-US-EEP-Test-Scores-and-College-Admissions.csv,cache,3646,/Users/pradyu/Documents/New project 4/data/raw/csv/us-test-scores-and-college-admissions.csv,reused cached raw response
2026-05-01T21:21:36.023536+00:00,page,https://kentclarkcenter.org/surveys/capital-markets-union/,cache,389075,/Users/pradyu/Documents/New project 4/data/raw/page/capital-markets-union.html,reused cached raw response
2026-05-01T21:21:36.081074+00:00,csv,https://kentclarkcenter.org/wp-content/uploads/2024/04/2024-04-25-Euro-EEP-Capital-Markets-Union.csv,cache,5182,/Users/pradyu/Documents/New project 4/data/raw/csv/europe-capital-markets-union.csv,reused cached raw response
2026-05-01T21:21:36.082223+00:00,page,https://kentclarkcenter.org/surveys/tariffs/,cache,504881,/Users/pradyu/Documents/New project 4/data/raw/page/tariffs.html,reused cached raw response
2026-05-01T21:21:36.172328+00:00,csv,https://kentclarkcenter.org/wp-content/uploads/2024/04/2024-04-30-US-EEP-Tariffs.csv,cache,8254,/Users/pradyu/Documents/New project 4/data/raw/csv/us-tariffs.csv,reused cached raw response
2026-05-01T21:21:36.173883+00:00,page,https://kentclarkcenter.org/surveys/retail-investor-participation-in-private-equity/,cache,272017,/Users/pradyu/Documents/New project 4/data/raw/page/retail-investor-participation-in-private-equity.html,reused cached raw response
2026-05-01T21:21:36.210668+00:00,csv,https://kentclarkcenter.org/wp-content/uploads/2024/05/2024-05-15-Finance-Retail-Investor-Participation-in-Private-Equity.csv,cache,5565,/Users/pradyu/Documents/New project 4/data/raw/csv/finance-retail-investor-participation-in-private-equity.csv,reused cached raw response
2026-05-01T21:21:36.211324+00:00,page,https://kentclarkcenter.org/surveys/drug-policy-2/,cache,290042,/Users/pradyu/Documents/New project 4/data/raw/page/drug-policy-2.html,reused cached raw response
2026-05-01T21:21:36.253431+00:00,csv,https://kentclarkcenter.org/wp-content/uploads/2024/05/2024-05-14-US-EEP-Drug-Policy.csv,cache,4240,/Users/pradyu/Documents/New project 4/data/raw/csv/us-drug-policy-2.csv,reused cached raw response
2026-05-01T21:21:36.254087+00:00,page,https://kentclarkcenter.org/surveys/europes-single-market/,cache,409605,/Users/pradyu/Documents/New project 4/data/raw/page/europes-single-market.html,reused cached raw response
2026-05-01T21:21:36.321176+00:00,csv,https://kentclarkcenter.org/wp-content/uploads/2024/05/2024-05-16-Euro-EEP-Europes-Single-Market.csv,cache,6222,/Users/pradyu/Documents/New project 4/data/raw/csv/europe-europes-single-market.csv,reused cached raw response
2026-05-01T21:21:36.322425+00:00,page,https://kentclarkcenter.org/surveys/tariffs-on-chinese-electric-vehicles/,cache,512020,/Users/pradyu/Documents/New project 4/data/raw/page/tariffs-on-chinese-electric-vehicles.html,reused cached raw response
2026-05-01T21:21:36.418254+00:00,csv,https://kentclarkcenter.org/wp-content/uploads/2024/05/2024-05-29-US-EEP-Tariffs-on-Chinese-Electric-Vehicles.csv,cache,6842,/Users/pradyu/Documents/New project 4/data/raw/csv/us-tariffs-on-chinese-electric-vehicles.csv,reused cached raw response
2026-05-01T21:21:36.419712+00:00,page,https://kentclarkcenter.org/surveys/tariffs-on-chinese-electric-vehicles-2/,cache,515514,/Users/pradyu/Documents/New project 4/data/raw/page/tariffs-on-chinese-electric-vehicles-2.html,reused cached raw response
2026-05-01T21:21:36.517064+00:00,csv,https://kentclarkcenter.org/wp-content/uploads/2024/05/2024-05-30-Euro-EEP-Tariffs-on-Chinese-Electric-Vehicles.csv,cache,6946,/Users/pradyu/Documents/New project 4/data/raw/csv/europe-tariffs-on-chinese-electric-vehicles-2.csv,reused cached raw response
2026-05-01T21:21:36.518571+00:00,page,https://kentclarkcenter.org/surveys/foreign-exchange-interventions/,cache,341053,/Users/pradyu/Documents/New project 4/data/raw/page/foreign-exchange-interventions.html,reused cached raw response
2026-05-01T21:21:36.571264+00:00,csv,https://kentclarkcenter.org/wp-content/uploads/2024/05/2024-05-30-Finance-Foreign-Exchange-Interventions.csv,cache,6228,/Users/pradyu/Documents/New project 4/data/raw/csv/finance-foreign-exchange-interventions.csv,reused cached raw response
2026-05-01T21:21:36.572452+00:00,page,https://kentclarkcenter.org/surveys/regulating-ai/,cache,488670,/Users/pradyu/Documents/New project 4/data/raw/page/regulating-ai.html,reused cached raw response
2026-05-01T21:21:36.660775+00:00,csv,https://kentclarkcenter.org/wp-content/uploads/2024/06/2024-06-18-US-EEP-Regulating-AI.csv,cache,6444,/Users/pradyu/Documents/New project 4/data/raw/csv/us-regulating-ai.csv,reused cached raw response
2026-05-01T21:21:36.662152+00:00,page,https://kentclarkcenter.org/surveys/public-and-private-equities/,cache,349533,/Users/pradyu/Documents/New project 4/data/raw/page/public-and-private-equities.html,reused cached raw response
2026-05-01T21:21:36.722816+00:00,csv,https://kentclarkcenter.org/wp-content/uploads/2022/12/2022-12-20-Finance-Public-and-Private-Equities.csv,cache,8048,/Users/pradyu/Documents/New project 4/data/raw/csv/finance-public-and-private-equities.csv,reused cached raw response
2026-05-01T21:21:36.723903+00:00,page,https://kentclarkcenter.org/surveys/regulating-ai-2/,cache,397087,/Users/pradyu/Documents/New project 4/data/raw/page/regulating-ai-2.html,reused cached raw response
2026-05-01T21:21:36.783567+00:00,csv,https://kentclarkcenter.org/wp-content/uploads/2024/06/2024-06-27-Euro-EEP-Regulating-AI.csv,cache,4757,/Users/pradyu/Documents/New project 4/data/raw/csv/europe-regulating-ai-2.csv,reused cached raw response
2026-05-01T21:21:36.784581+00:00,page,https://kentclarkcenter.org/surveys/publicly-traded-firms-private-firms-and-the-economy/,cache,486329,/Users/pradyu/Documents/New project 4/data/raw/page/publicly-traded-firms-private-firms-and-the-economy.html,reused cached raw response
2026-05-01T21:21:36.865833+00:00,csv,https://kentclarkcenter.org/wp-content/uploads/2024/07/2024-07-03-US-EEP-Publicly-Traded-Firms-Private-Firms-and-the-Economy.csv,cache,6785,/Users/pradyu/Documents/New project 4/data/raw/csv/us-publicly-traded-firms-private-firms-and-the-economy.csv,reused cached raw response
2026-05-01T21:21:36.867284+00:00,page,https://kentclarkcenter.org/surveys/publicly-traded-firms-private-firms-and-the-economy-2/,cache,440567,/Users/pradyu/Documents/New project 4/data/raw/page/publicly-traded-firms-private-firms-and-the-economy-2.html,reused cached raw response
2026-05-01T21:21:36.937564+00:00,csv,https://kentclarkcenter.org/wp-content/uploads/2024/07/2024-07-03-Finance-Publicly-Traded-Firms-Private-Firms-and-the-Economy.csv,cache,7034,/Users/pradyu/Documents/New project 4/data/raw/csv/finance-publicly-traded-firms-private-firms-and-the-economy-2.csv,reused cached raw response
2026-05-01T21:21:36.938901+00:00,page,https://kentclarkcenter.org/surveys/tax-cuts-extension/,cache,502923,/Users/pradyu/Documents/New project 4/data/raw/page/tax-cuts-extension.html,reused cached raw response
2026-05-01T21:21:37.041441+00:00,csv,https://kentclarkcenter.org/wp-content/uploads/2024/07/2024-07-16-US-EEP-Tax-Cuts-Extension.csv,cache,7028,/Users/pradyu/Documents/New project 4/data/raw/csv/us-tax-cuts-extension.csv,reused cached raw response
2026-05-01T21:21:37.042810+00:00,page,https://kentclarkcenter.org/surveys/corporate-social-responsibility-2/,cache,461616,/Users/pradyu/Documents/New project 4/data/raw/page/corporate-social-responsibility-2.html,reused cached raw response
2026-05-01T21:21:37.118354+00:00,csv,https://kentclarkcenter.org/wp-content/uploads/2024/07/2024-07-19-Finance-Corporate-Social-Responsibility.csv,cache,11877,/Users/pradyu/Documents/New project 4/data/raw/csv/finance-corporate-social-responsibility-2.csv,reused cached raw response
2026-05-01T21:21:37.119755+00:00,page,https://kentclarkcenter.org/surveys/national-rent-caps/,cache,502522,/Users/pradyu/Documents/New project 4/data/raw/page/national-rent-caps.html,reused cached raw response
2026-05-01T21:21:37.217171+00:00,csv,https://kentclarkcenter.org/wp-content/uploads/2024/07/2024-07-23-US-EEP-National-Rent-Caps.csv,cache,7349,/Users/pradyu/Documents/New project 4/data/raw/csv/us-national-rent-caps.csv,reused cached raw response
2026-05-01T21:21:37.218554+00:00,page,https://kentclarkcenter.org/surveys/effects-of-end-of-day-trading/,cache,351657,/Users/pradyu/Documents/New project 4/data/raw/page/effects-of-end-of-day-trading.html,reused cached raw response
2026-05-01T21:21:37.277190+00:00,csv,https://kentclarkcenter.org/wp-content/uploads/2024/08/2024-08-09-Finance-Effects-of-End-of-Day-Trading.csv,cache,6230,/Users/pradyu/Documents/New project 4/data/raw/csv/finance-effects-of-end-of-day-trading.csv,reused cached raw response
2026-05-01T21:21:37.278192+00:00,page,https://kentclarkcenter.org/surveys/abnormal-returns-and-active-portfolio-management/,cache,269436,/Users/pradyu/Documents/New project 4/data/raw/page/abnormal-returns-and-active-portfolio-management.html,reused cached raw response
2026-05-01T21:21:37.311531+00:00,csv,https://kentclarkcenter.org/wp-content/uploads/2024/09/2024-09-04-Finance-Abnormal-Returns-and-Active-Portfolio-Management.csv,cache,4225,/Users/pradyu/Documents/New project 4/data/raw/csv/finance-abnormal-returns-and-active-portfolio-management.csv,reused cached raw response
2026-05-01T21:21:37.312182+00:00,page,https://kentclarkcenter.org/surveys/corporate-social-responsibility-3/,cache,505346,/Users/pradyu/Documents/New project 4/data/raw/page/corporate-social-responsibility-3.html,reused cached raw response
2026-05-01T21:21:37.403697+00:00,csv,https://kentclarkcenter.org/wp-content/uploads/2024/09/2024-09-12-Euro-EEP-Corporate-Social-Responsibility.csv,cache,7800,/Users/pradyu/Documents/New project 4/data/raw/csv/europe-corporate-social-responsibility-3.csv,reused cached raw response
2026-05-01T21:21:37.405134+00:00,page,https://kentclarkcenter.org/surveys/private-credit/,cache,362321,/Users/pradyu/Documents/New project 4/data/raw/page/private-credit.html,reused cached raw response
2026-05-01T21:21:37.464292+00:00,csv,https://kentclarkcenter.org/wp-content/uploads/2024/09/2024-09-12-Finance-Private-Credit.csv,cache,5731,/Users/pradyu/Documents/New project 4/data/raw/csv/finance-private-credit.csv,reused cached raw response
2026-05-01T21:21:37.465180+00:00,page,https://kentclarkcenter.org/surveys/esg-shareholders-and-regulation/,cache,364295,/Users/pradyu/Documents/New project 4/data/raw/page/esg-shareholders-and-regulation.html,reused cached raw response
2026-05-01T21:21:37.523606+00:00,csv,https://kentclarkcenter.org/wp-content/uploads/2024/09/2024-09-12-Finance-ESG-Shareholders-and-Regulation.csv,cache,6183,/Users/pradyu/Documents/New project 4/data/raw/csv/finance-esg-shareholders-and-regulation.csv,reused cached raw response
2026-05-01T21:21:37.524590+00:00,page,https://kentclarkcenter.org/surveys/trends-in-banking/,cache,356208,/Users/pradyu/Documents/New project 4/data/raw/page/trends-in-banking.html,reused cached raw response
2026-05-01T21:21:37.578953+00:00,csv,https://kentclarkcenter.org/wp-content/uploads/2024/09/2024-09-19-Finance-Trends-in-Banking.csv,cache,5907,/Users/pradyu/Documents/New project 4/data/raw/csv/finance-trends-in-banking.csv,reused cached raw response
2026-05-01T21:21:37.579877+00:00,page,https://kentclarkcenter.org/surveys/cryptocurrency/,cache,456581,/Users/pradyu/Documents/New project 4/data/raw/page/cryptocurrency.html,reused cached raw response
2026-05-01T21:21:37.683885+00:00,csv,https://kentclarkcenter.org/wp-content/uploads/2024/09/2024-09-25-Finance-Cryptocurrency.csv,cache,8193,/Users/pradyu/Documents/New project 4/data/raw/csv/finance-cryptocurrency.csv,reused cached raw response
2026-05-01T21:21:37.685119+00:00,page,https://kentclarkcenter.org/surveys/constraints-on-innovation-in-europe/,cache,500731,/Users/pradyu/Documents/New project 4/data/raw/page/constraints-on-innovation-in-europe.html,reused cached raw response
2026-05-01T21:21:37.768116+00:00,csv,https://kentclarkcenter.org/wp-content/uploads/2024/09/2024-10-03-Euro-EEP-Constraints-on-Innovation-in-Europe.csv,cache,6747,/Users/pradyu/Documents/New project 4/data/raw/csv/europe-constraints-on-innovation-in-europe.csv,reused cached raw response
2026-05-01T21:21:37.769542+00:00,page,https://kentclarkcenter.org/surveys/election-economic-policy-ideas/,cache,617402,/Users/pradyu/Documents/New project 4/data/raw/page/election-economic-policy-ideas.html,reused cached raw response
2026-05-01T21:21:37.878412+00:00,csv,https://kentclarkcenter.org/wp-content/uploads/2024/09/2024-09-10-US-EEP-Election-Economic-Policy-Ideas.csv,cache,8943,/Users/pradyu/Documents/New project 4/data/raw/csv/us-election-economic-policy-ideas.csv,reused cached raw response
2026-05-01T21:21:37.880248+00:00,page,https://kentclarkcenter.org/surveys/sovereign-wealth-funds/,cache,487867,/Users/pradyu/Documents/New project 4/data/raw/page/sovereign-wealth-funds.html,reused cached raw response
2026-05-01T21:21:37.960559+00:00,csv,https://kentclarkcenter.org/wp-content/uploads/2024/10/2024-10-15-US-EEP-Sovereign-Wealth-Funds.csv,cache,7766,/Users/pradyu/Documents/New project 4/data/raw/csv/us-sovereign-wealth-funds.csv,reused cached raw response
2026-05-01T21:21:37.961958+00:00,page,https://kentclarkcenter.org/surveys/institutions-and-prosperity/,cache,509834,/Users/pradyu/Documents/New project 4/data/raw/page/institutions-and-prosperity.html,reused cached raw response
2026-05-01T21:21:38.065192+00:00,csv,https://kentclarkcenter.org/wp-content/uploads/2024/10/2024-10-22-US-EEP-Institutions-and-Prosperity.csv,cache,5496,/Users/pradyu/Documents/New project 4/data/raw/csv/us-institutions-and-prosperity.csv,reused cached raw response
2026-05-01T21:21:38.066489+00:00,page,https://kentclarkcenter.org/surveys/institutions-and-prosperity-2/,cache,514683,/Users/pradyu/Documents/New project 4/data/raw/page/institutions-and-prosperity-2.html,reused cached raw response
2026-05-01T21:21:38.150899+00:00,csv,https://kentclarkcenter.org/wp-content/uploads/2024/10/2024-10-22-Euro-EEP-Institutions-and-Prosperity.csv,cache,5412,/Users/pradyu/Documents/New project 4/data/raw/csv/europe-institutions-and-prosperity-2.csv,reused cached raw response
2026-05-01T21:21:38.152262+00:00,page,https://kentclarkcenter.org/surveys/sports-betting/,cache,275568,/Users/pradyu/Documents/New project 4/data/raw/page/sports-betting.html,reused cached raw response
2026-05-01T21:21:38.191562+00:00,csv,https://kentclarkcenter.org/wp-content/uploads/2018/05/2018-05-22-US-EEP-Sports-Betting.csv,cache,3398,/Users/pradyu/Documents/New project 4/data/raw/csv/us-sports-betting.csv,reused cached raw response
2026-05-01T21:21:38.192189+00:00,page,https://kentclarkcenter.org/surveys/fracking/,cache,267375,/Users/pradyu/Documents/New project 4/data/raw/page/fracking.html,reused cached raw response
2026-05-01T21:21:38.226056+00:00,csv,https://kentclarkcenter.org/wp-content/uploads/2012/05/2012-05-23-US-EEP-Fracking.csv,cache,3363,/Users/pradyu/Documents/New project 4/data/raw/csv/us-fracking.csv,reused cached raw response
2026-05-01T21:21:38.226668+00:00,page,https://kentclarkcenter.org/surveys/crypto-assets/,cache,387437,/Users/pradyu/Documents/New project 4/data/raw/page/crypto-assets.html,reused cached raw response
2026-05-01T21:21:38.294493+00:00,csv,https://kentclarkcenter.org/wp-content/uploads/2022/02/2022-02-28-US-EEP-Crypto-Assets.csv,cache,4572,/Users/pradyu/Documents/New project 4/data/raw/csv/us-crypto-assets.csv,reused cached raw response
2026-05-01T21:21:38.295545+00:00,page,https://kentclarkcenter.org/surveys/sovereign-wealth-funds-2/,cache,356483,/Users/pradyu/Documents/New project 4/data/raw/page/sovereign-wealth-funds-2.html,reused cached raw response
2026-05-01T21:21:38.357044+00:00,csv,https://kentclarkcenter.org/wp-content/uploads/2024/10/2024-10-24-Finance-Sovereign-Wealth-Funds.csv,cache,6053,/Users/pradyu/Documents/New project 4/data/raw/csv/finance-sovereign-wealth-funds-2.csv,reused cached raw response
2026-05-01T21:21:38.358244+00:00,page,https://kentclarkcenter.org/surveys/social-security/,cache,392471,/Users/pradyu/Documents/New project 4/data/raw/page/social-security.html,reused cached raw response
2026-05-01T21:21:38.434615+00:00,csv,https://kentclarkcenter.org/wp-content/uploads/2024/11/2024-11-14-US-EEP-Social-Security.csv,cache,7037,/Users/pradyu/Documents/New project 4/data/raw/csv/us-social-security.csv,reused cached raw response
2026-05-01T21:21:38.435710+00:00,page,https://kentclarkcenter.org/surveys/stock-market-investing/,cache,367475,/Users/pradyu/Documents/New project 4/data/raw/page/stock-market-investing.html,reused cached raw response
2026-05-01T21:21:38.491860+00:00,csv,https://kentclarkcenter.org/wp-content/uploads/2024/11/2024-11-19-Finance-Stock-Market-Investing.csv,cache,4914,/Users/pradyu/Documents/New project 4/data/raw/csv/finance-stock-market-investing.csv,reused cached raw response
2026-05-01T21:21:38.492761+00:00,page,https://kentclarkcenter.org/surveys/economics-and-elections/,cache,398940,/Users/pradyu/Documents/New project 4/data/raw/page/economics-and-elections.html,reused cached raw response
2026-05-01T21:21:38.558643+00:00,csv,https://kentclarkcenter.org/wp-content/uploads/2024/11/2024-11-21-Euro-EEP-Economics-and-Elections.csv,cache,6748,/Users/pradyu/Documents/New project 4/data/raw/csv/europe-economics-and-elections.csv,reused cached raw response
2026-05-01T21:21:38.559712+00:00,page,https://kentclarkcenter.org/surveys/department-of-education/,cache,287353,/Users/pradyu/Documents/New project 4/data/raw/page/department-of-education.html,reused cached raw response
2026-05-01T21:21:38.597712+00:00,csv,https://kentclarkcenter.org/wp-content/uploads/2024/12/2024-12-03-US-EEP-Department-of-Education.csv,cache,6622,/Users/pradyu/Documents/New project 4/data/raw/csv/us-department-of-education.csv,reused cached raw response
2026-05-01T21:21:38.598439+00:00,page,https://kentclarkcenter.org/surveys/global-warming/,cache,286790,/Users/pradyu/Documents/New project 4/data/raw/page/global-warming.html,reused cached raw response
2026-05-01T21:21:38.639168+00:00,csv,https://kentclarkcenter.org/wp-content/uploads/2024/12/2024-12-04-Euro-EEP-Global-Warming.csv,cache,5117,/Users/pradyu/Documents/New project 4/data/raw/csv/europe-global-warming.csv,reused cached raw response
2026-05-01T21:21:38.639962+00:00,page,https://kentclarkcenter.org/surveys/investing-in-private-assets/,cache,277425,/Users/pradyu/Documents/New project 4/data/raw/page/investing-in-private-assets.html,reused cached raw response
2026-05-01T21:21:38.677717+00:00,csv,https://kentclarkcenter.org/wp-content/uploads/2024/12/2024-12-18-Finance-Investing-in-Private-Assets.csv,cache,5733,/Users/pradyu/Documents/New project 4/data/raw/csv/finance-investing-in-private-assets.csv,reused cached raw response
2026-05-01T21:21:38.678398+00:00,page,https://kentclarkcenter.org/surveys/tariffs-technology-and-growth/,cache,402277,/Users/pradyu/Documents/New project 4/data/raw/page/tariffs-technology-and-growth.html,reused cached raw response
2026-05-01T21:21:38.756419+00:00,csv,https://kentclarkcenter.org/wp-content/uploads/2024/12/2024-12-18-US-EEP-Tariffs-Technology-and-Growth.csv,cache,5609,/Users/pradyu/Documents/New project 4/data/raw/csv/us-tariffs-technology-and-growth.csv,reused cached raw response
2026-05-01T21:21:38.757465+00:00,page,https://kentclarkcenter.org/surveys/europes-defense-sector/,cache,502979,/Users/pradyu/Documents/New project 4/data/raw/page/europes-defense-sector.html,reused cached raw response
2026-05-01T21:21:38.840887+00:00,csv,https://kentclarkcenter.org/wp-content/uploads/2024/12/2024-12-19-Euro-EEP-Europes-Defense-Sector.csv,cache,6423,/Users/pradyu/Documents/New project 4/data/raw/csv/europe-europes-defense-sector.csv,reused cached raw response
2026-05-01T21:21:38.842362+00:00,page,https://kentclarkcenter.org/surveys/wildfires-2/,cache,396108,/Users/pradyu/Documents/New project 4/data/raw/page/wildfires-2.html,reused cached raw response
2026-05-01T21:21:38.902556+00:00,csv,https://kentclarkcenter.org/wp-content/uploads/2025/01/2025-01-22-US-EEP-Wildfires.csv,cache,4881,/Users/pradyu/Documents/New project 4/data/raw/csv/us-wildfires-2.csv,reused cached raw response
2026-05-01T21:21:38.903508+00:00,page,https://kentclarkcenter.org/surveys/wildfires/,cache,360052,/Users/pradyu/Documents/New project 4/data/raw/page/wildfires.html,reused cached raw response
2026-05-01T21:21:38.955476+00:00,csv,https://kentclarkcenter.org/wp-content/uploads/2025/01/2025-01-22-Finance-Wildfires.csv,cache,5366,/Users/pradyu/Documents/New project 4/data/raw/csv/finance-wildfires.csv,reused cached raw response
2026-05-01T21:21:38.956536+00:00,page,https://kentclarkcenter.org/surveys/trade-policy/,cache,510944,/Users/pradyu/Documents/New project 4/data/raw/page/trade-policy.html,reused cached raw response
2026-05-01T21:21:39.041295+00:00,csv,https://kentclarkcenter.org/wp-content/uploads/2025/01/2025-01-23-Euro-EEP-Trade-Policy.csv,cache,8237,/Users/pradyu/Documents/New project 4/data/raw/csv/europe-trade-policy.csv,reused cached raw response
2026-05-01T21:21:39.042749+00:00,page,https://kentclarkcenter.org/surveys/executive-orders-on-energy-and-climate/,cache,505366,/Users/pradyu/Documents/New project 4/data/raw/page/executive-orders-on-energy-and-climate.html,reused cached raw response
2026-05-01T21:21:39.151197+00:00,csv,https://kentclarkcenter.org/wp-content/uploads/2025/02/2025-02-04-US-EEP-Executive-Orders-on-Energy-and-Climate.csv,cache,13300,/Users/pradyu/Documents/New project 4/data/raw/csv/us-executive-orders-on-energy-and-climate.csv,reused cached raw response
2026-05-01T21:21:39.153067+00:00,page,https://kentclarkcenter.org/surveys/us-withdrawal-from-the-paris-agreement/,cache,393900,/Users/pradyu/Documents/New project 4/data/raw/page/us-withdrawal-from-the-paris-agreement.html,reused cached raw response
2026-05-01T21:21:39.211699+00:00,csv,https://kentclarkcenter.org/wp-content/uploads/2025/02/2025-02-05-Euro-EEP-US-Withdrawal-from-the-Paris-Agreement.csv,cache,6169,/Users/pradyu/Documents/New project 4/data/raw/csv/europe-us-withdrawal-from-the-paris-agreement.csv,reused cached raw response
2026-05-01T21:21:39.212826+00:00,page,https://kentclarkcenter.org/surveys/enforcing-the-foreign-corrupt-practices-act/,cache,390462,/Users/pradyu/Documents/New project 4/data/raw/page/enforcing-the-foreign-corrupt-practices-act.html,reused cached raw response
2026-05-01T21:21:39.271050+00:00,csv,https://kentclarkcenter.org/wp-content/uploads/2025/02/2025-02-18-US-EEP-Enforcing-the-Foreign-Corrupt-Practices-Act.csv,cache,5446,/Users/pradyu/Documents/New project 4/data/raw/csv/us-enforcing-the-foreign-corrupt-practices-act.csv,reused cached raw response
2026-05-01T21:21:39.272179+00:00,page,https://kentclarkcenter.org/surveys/immigration-to-germany-and-the-eu/,cache,488975,/Users/pradyu/Documents/New project 4/data/raw/page/immigration-to-germany-and-the-eu.html,reused cached raw response
2026-05-01T21:21:39.365141+00:00,csv,https://kentclarkcenter.org/wp-content/uploads/2025/02/2025-02-20-Euro-EEP-Immigration-to-Germany-and-the-EU.csv,cache,7790,/Users/pradyu/Documents/New project 4/data/raw/csv/europe-immigration-to-germany-and-the-eu.csv,reused cached raw response
2026-05-01T21:21:39.366581+00:00,page,https://kentclarkcenter.org/surveys/crypto-holdings-by-us-public-authorities/,cache,362958,/Users/pradyu/Documents/New project 4/data/raw/page/crypto-holdings-by-us-public-authorities.html,reused cached raw response
2026-05-01T21:21:39.424843+00:00,csv,https://kentclarkcenter.org/wp-content/uploads/2025/02/2025-02-19-Finance-Crypto-Holdings-by-US-Public-Authorities.csv,cache,5268,/Users/pradyu/Documents/New project 4/data/raw/csv/finance-crypto-holdings-by-us-public-authorities.csv,reused cached raw response
2026-05-01T21:21:39.425843+00:00,page,https://kentclarkcenter.org/surveys/independent-financial-regulatory-agencies/,cache,271801,/Users/pradyu/Documents/New project 4/data/raw/page/independent-financial-regulatory-agencies.html,reused cached raw response
2026-05-01T21:21:39.460774+00:00,csv,https://kentclarkcenter.org/wp-content/uploads/2025/03/2025-03-12-Finance-Independent-Financial-Regulatory-Agencies.csv,cache,4094,/Users/pradyu/Documents/New project 4/data/raw/csv/finance-independent-financial-regulatory-agencies.csv,reused cached raw response
2026-05-01T21:21:39.461454+00:00,page,https://kentclarkcenter.org/surveys/capping-credit-card-interest-rates/,cache,366834,/Users/pradyu/Documents/New project 4/data/raw/page/capping-credit-card-interest-rates.html,reused cached raw response
2026-05-01T21:21:39.522309+00:00,csv,https://kentclarkcenter.org/wp-content/uploads/2025/03/2025-03-25-Finance-Capping-Credit-Card-Interest-Rates.csv,cache,5952,/Users/pradyu/Documents/New project 4/data/raw/csv/finance-capping-credit-card-interest-rates.csv,reused cached raw response
2026-05-01T21:21:39.523521+00:00,page,https://kentclarkcenter.org/surveys/economic-statistics/,cache,510540,/Users/pradyu/Documents/New project 4/data/raw/page/economic-statistics.html,reused cached raw response
2026-05-01T21:21:39.617861+00:00,csv,https://kentclarkcenter.org/wp-content/uploads/2025/03/2025-03-25-US-EEP-Economic-Statistics.csv,cache,6343,/Users/pradyu/Documents/New project 4/data/raw/csv/us-economic-statistics.csv,reused cached raw response
2026-05-01T21:21:39.619269+00:00,page,https://kentclarkcenter.org/surveys/debt-and-the-dollar/,cache,436989,/Users/pradyu/Documents/New project 4/data/raw/page/debt-and-the-dollar.html,reused cached raw response
2026-05-01T21:21:39.696611+00:00,csv,https://kentclarkcenter.org/wp-content/uploads/2025/04/2025-04-09-Finance-Debt-and-the-Dollar.csv,cache,7405,/Users/pradyu/Documents/New project 4/data/raw/csv/finance-debt-and-the-dollar.csv,reused cached raw response
2026-05-01T21:21:39.697820+00:00,page,https://kentclarkcenter.org/surveys/foreign-aid/,cache,498150,/Users/pradyu/Documents/New project 4/data/raw/page/foreign-aid.html,reused cached raw response
2026-05-01T21:21:39.790325+00:00,csv,https://kentclarkcenter.org/wp-content/uploads/2025/04/2025-04-09-US-EEP-Foreign-Aid.csv,cache,6824,/Users/pradyu/Documents/New project 4/data/raw/csv/us-foreign-aid.csv,reused cached raw response
2026-05-01T21:21:39.791797+00:00,page,https://kentclarkcenter.org/surveys/foreign-aid-2/,cache,497576,/Users/pradyu/Documents/New project 4/data/raw/page/foreign-aid-2.html,reused cached raw response
2026-05-01T21:21:39.885918+00:00,csv,https://kentclarkcenter.org/wp-content/uploads/2025/03/2025-04-04-Euro-EEP-Foreign-Aid.csv,cache,5511,/Users/pradyu/Documents/New project 4/data/raw/csv/europe-foreign-aid-2.csv,reused cached raw response
2026-05-01T21:21:39.887264+00:00,page,https://kentclarkcenter.org/surveys/the-us-treasury-market/,cache,361124,/Users/pradyu/Documents/New project 4/data/raw/page/the-us-treasury-market.html,reused cached raw response
2026-05-01T21:21:39.939238+00:00,csv,https://kentclarkcenter.org/wp-content/uploads/2025/04/2025-04-23-Finance-The-US-Treasury-Market.csv,cache,6073,/Users/pradyu/Documents/New project 4/data/raw/csv/finance-the-us-treasury-market.csv,reused cached raw response
2026-05-01T21:21:39.940300+00:00,page,https://kentclarkcenter.org/surveys/scientists-and-innovation/,cache,292114,/Users/pradyu/Documents/New project 4/data/raw/page/scientists-and-innovation.html,reused cached raw response
2026-05-01T21:21:39.978323+00:00,csv,https://kentclarkcenter.org/wp-content/uploads/2025/04/2025-04-23-Euro-EEP-Scientists-and-Innovation.csv,cache,3482,/Users/pradyu/Documents/New project 4/data/raw/csv/europe-scientists-and-innovation.csv,reused cached raw response
2026-05-01T21:21:39.979012+00:00,page,https://kentclarkcenter.org/surveys/digital-market-regulation/,cache,375081,/Users/pradyu/Documents/New project 4/data/raw/page/digital-market-regulation.html,reused cached raw response
2026-05-01T21:21:40.034381+00:00,csv,https://kentclarkcenter.org/wp-content/uploads/2025/05/2025-05-01-US-EEP-Digital-Market-Regulation.csv,cache,4901,/Users/pradyu/Documents/New project 4/data/raw/csv/us-digital-market-regulation.csv,reused cached raw response
2026-05-01T21:21:40.035435+00:00,page,https://kentclarkcenter.org/surveys/electricity/,cache,499096,/Users/pradyu/Documents/New project 4/data/raw/page/electricity.html,reused cached raw response
2026-05-01T21:21:40.117619+00:00,csv,https://kentclarkcenter.org/wp-content/uploads/2025/05/2025-05-15-Euro-EEP-Electricity.csv,cache,8088,/Users/pradyu/Documents/New project 4/data/raw/csv/europe-electricity.csv,reused cached raw response
2026-05-01T21:21:40.119021+00:00,page,https://kentclarkcenter.org/surveys/central-banking-and-climate-change-3/,cache,353499,/Users/pradyu/Documents/New project 4/data/raw/page/central-banking-and-climate-change-3.html,reused cached raw response
2026-05-01T21:21:40.192960+00:00,csv,https://kentclarkcenter.org/wp-content/uploads/2025/05/2025-05-15-Finance-Central-Banking-and-Climate-Change.csv,cache,5839,/Users/pradyu/Documents/New project 4/data/raw/csv/finance-central-banking-and-climate-change-3.csv,reused cached raw response
2026-05-01T21:21:40.193948+00:00,page,https://kentclarkcenter.org/surveys/dollar-prospects/,cache,391097,/Users/pradyu/Documents/New project 4/data/raw/page/dollar-prospects.html,reused cached raw response
2026-05-01T21:21:40.253338+00:00,csv,https://kentclarkcenter.org/wp-content/uploads/2025/05/2025-05-14-US-EEP-Dollar-Prospects.csv,cache,4429,/Users/pradyu/Documents/New project 4/data/raw/csv/us-dollar-prospects.csv,reused cached raw response
2026-05-01T21:21:40.254329+00:00,page,https://kentclarkcenter.org/surveys/fiscal-sustainability/,cache,405572,/Users/pradyu/Documents/New project 4/data/raw/page/fiscal-sustainability.html,reused cached raw response
2026-05-01T21:21:40.320498+00:00,csv,https://kentclarkcenter.org/wp-content/uploads/2025/05/2025-05-29-US-EEP-Fiscal-Sustainability.csv,cache,4931,/Users/pradyu/Documents/New project 4/data/raw/csv/us-fiscal-sustainability.csv,reused cached raw response
2026-05-01T21:21:40.321476+00:00,page,https://kentclarkcenter.org/surveys/u-s-credit-rating/,cache,265649,/Users/pradyu/Documents/New project 4/data/raw/page/u-s-credit-rating.html,reused cached raw response
2026-05-01T21:21:40.354836+00:00,csv,https://kentclarkcenter.org/wp-content/uploads/2025/06/2025-06-05-Finance-U.S.-Credit-Rating.csv,cache,3324,/Users/pradyu/Documents/New project 4/data/raw/csv/finance-u-s-credit-rating.csv,reused cached raw response
2026-05-01T21:21:40.355420+00:00,page,https://kentclarkcenter.org/surveys/european-capital-markets/,cache,491222,/Users/pradyu/Documents/New project 4/data/raw/page/european-capital-markets.html,reused cached raw response
2026-05-01T21:21:40.445883+00:00,csv,https://kentclarkcenter.org/wp-content/uploads/2025/06/2025-06-05-Euro-EEP-European-Capital-Markets.csv,cache,6574,/Users/pradyu/Documents/New project 4/data/raw/csv/europe-european-capital-markets.csv,reused cached raw response
2026-05-01T21:21:40.447314+00:00,page,https://kentclarkcenter.org/surveys/digital-privacy-and-digital-harm/,cache,403409,/Users/pradyu/Documents/New project 4/data/raw/page/digital-privacy-and-digital-harm.html,reused cached raw response
2026-05-01T21:21:40.517365+00:00,csv,https://kentclarkcenter.org/wp-content/uploads/2025/06/2025-06-12-US-EEP-Digital-Privacy-and-Digital-Harm.csv,cache,6338,/Users/pradyu/Documents/New project 4/data/raw/csv/us-digital-privacy-and-digital-harm.csv,reused cached raw response
2026-05-01T21:21:40.518445+00:00,page,https://kentclarkcenter.org/surveys/tariffs-reciprocal-and-retaliatory-2/,cache,507216,/Users/pradyu/Documents/New project 4/data/raw/page/tariffs-reciprocal-and-retaliatory-2.html,reused cached raw response
2026-05-01T21:21:40.616102+00:00,csv,https://kentclarkcenter.org/wp-content/uploads/2025/03/2025-03-11-US-EEP-Tariffs-Reciprocal-and-Retaliatory.csv,cache,9683,/Users/pradyu/Documents/New project 4/data/raw/csv/us-tariffs-reciprocal-and-retaliatory-2.csv,reused cached raw response
2026-05-01T21:21:40.617583+00:00,page,https://kentclarkcenter.org/surveys/tariffs-reciprocal-and-retaliatory/,cache,492780,/Users/pradyu/Documents/New project 4/data/raw/page/tariffs-reciprocal-and-retaliatory.html,reused cached raw response
2026-05-01T21:21:40.709150+00:00,csv,https://kentclarkcenter.org/wp-content/uploads/2025/03/2025-03-11-Euro-EEP-Tariffs-Reciprocal-and-Retaliatory.csv,cache,8070,/Users/pradyu/Documents/New project 4/data/raw/csv/europe-tariffs-reciprocal-and-retaliatory.csv,reused cached raw response
2026-05-01T21:21:40.710640+00:00,page,https://kentclarkcenter.org/surveys/sanctions/,cache,497420,/Users/pradyu/Documents/New project 4/data/raw/page/sanctions.html,reused cached raw response
2026-05-01T21:21:40.800616+00:00,csv,https://kentclarkcenter.org/wp-content/uploads/2025/06/2025-06-25-Euro-EEP-Sanctions.csv,cache,7035,/Users/pradyu/Documents/New project 4/data/raw/csv/europe-sanctions.csv,reused cached raw response
2026-05-01T21:21:40.802030+00:00,page,https://kentclarkcenter.org/surveys/sanctions-2/,cache,504018,/Users/pradyu/Documents/New project 4/data/raw/page/sanctions-2.html,reused cached raw response
2026-05-01T21:21:40.900040+00:00,csv,https://kentclarkcenter.org/wp-content/uploads/2025/06/2025-06-25-US-EEP-Sanctions.csv,cache,5545,/Users/pradyu/Documents/New project 4/data/raw/csv/us-sanctions-2.csv,reused cached raw response
2026-05-01T21:21:40.901331+00:00,page,https://kentclarkcenter.org/surveys/us-steel-deal/,cache,422779,/Users/pradyu/Documents/New project 4/data/raw/page/us-steel-deal.html,reused cached raw response
2026-05-01T21:21:40.968428+00:00,csv,https://kentclarkcenter.org/wp-content/uploads/2025/06/2025-06-26-Finance-US-Steel-Deal.csv,cache,7340,/Users/pradyu/Documents/New project 4/data/raw/csv/finance-us-steel-deal.csv,reused cached raw response
2026-05-01T21:21:40.969654+00:00,page,https://kentclarkcenter.org/surveys/inflation-target-and-expectations/,cache,395964,/Users/pradyu/Documents/New project 4/data/raw/page/inflation-target-and-expectations.html,reused cached raw response
2026-05-01T21:21:41.029019+00:00,csv,https://kentclarkcenter.org/wp-content/uploads/2025/07/2025-07-09-US-EEP-Inflation-Target-and-Expectations.csv,cache,5833,/Users/pradyu/Documents/New project 4/data/raw/csv/us-inflation-target-and-expectations.csv,reused cached raw response
2026-05-01T21:21:41.030099+00:00,page,https://kentclarkcenter.org/surveys/stablecoin-adoption/,cache,349501,/Users/pradyu/Documents/New project 4/data/raw/page/stablecoin-adoption.html,reused cached raw response
2026-05-01T21:21:41.078722+00:00,csv,https://kentclarkcenter.org/wp-content/uploads/2025/07/2025-07-24-Finance-Stablecoin-Adoption.csv,cache,5937,/Users/pradyu/Documents/New project 4/data/raw/csv/finance-stablecoin-adoption.csv,reused cached raw response
2026-05-01T21:21:41.079673+00:00,page,https://kentclarkcenter.org/surveys/digital-harm/,cache,381263,/Users/pradyu/Documents/New project 4/data/raw/page/digital-harm.html,reused cached raw response
2026-05-01T21:21:41.135077+00:00,csv,https://kentclarkcenter.org/wp-content/uploads/2025/07/2025-07-24-Euro-EEP-Digital-Harm.csv,cache,4292,/Users/pradyu/Documents/New project 4/data/raw/csv/europe-digital-harm.csv,reused cached raw response
2026-05-01T21:21:41.136099+00:00,page,https://kentclarkcenter.org/surveys/frozen-assets/,cache,484864,/Users/pradyu/Documents/New project 4/data/raw/page/frozen-assets.html,reused cached raw response
2026-05-01T21:21:41.233665+00:00,csv,https://kentclarkcenter.org/wp-content/uploads/2025/07/2025-07-31-US-EEP-Frozen-Assets.csv,cache,5632,/Users/pradyu/Documents/New project 4/data/raw/csv/us-frozen-assets.csv,reused cached raw response
2026-05-01T21:21:41.235042+00:00,page,https://kentclarkcenter.org/surveys/labor-statistics/,cache,294221,/Users/pradyu/Documents/New project 4/data/raw/page/labor-statistics.html,reused cached raw response
2026-05-01T21:21:41.273849+00:00,csv,https://kentclarkcenter.org/wp-content/uploads/2025/08/2025-08-06-US-EEP-Labor-Statistics.csv,cache,4988,/Users/pradyu/Documents/New project 4/data/raw/csv/us-labor-statistics.csv,reused cached raw response
2026-05-01T21:21:41.274582+00:00,page,https://kentclarkcenter.org/surveys/fed-independence/,cache,369132,/Users/pradyu/Documents/New project 4/data/raw/page/fed-independence.html,reused cached raw response
2026-05-01T21:21:41.331222+00:00,csv,https://kentclarkcenter.org/wp-content/uploads/2025/09/2025-09-10-Finance-Fed-Independence.csv,cache,5612,/Users/pradyu/Documents/New project 4/data/raw/csv/finance-fed-independence.csv,reused cached raw response
2026-05-01T21:21:41.332094+00:00,page,https://kentclarkcenter.org/surveys/energy-and-emissions-in-developing-countries-2/,cache,491097,/Users/pradyu/Documents/New project 4/data/raw/page/energy-and-emissions-in-developing-countries-2.html,reused cached raw response
2026-05-01T21:21:41.428168+00:00,csv,https://kentclarkcenter.org/wp-content/uploads/2025/09/2025-09-11-Euro-EEP-Energy-and-Emissions-in-Developing-Countries.csv,cache,7289,/Users/pradyu/Documents/New project 4/data/raw/csv/europe-energy-and-emissions-in-developing-countries-2.csv,reused cached raw response
2026-05-01T21:21:41.429764+00:00,page,https://kentclarkcenter.org/surveys/energy-and-emissions-in-developing-countries/,cache,502640,/Users/pradyu/Documents/New project 4/data/raw/page/energy-and-emissions-in-developing-countries.html,reused cached raw response
2026-05-01T21:21:41.521424+00:00,csv,https://kentclarkcenter.org/wp-content/uploads/2025/09/2025-09-10-US-EEP-Energy-and-Emissions-in-Developing-Countries.csv,cache,9120,/Users/pradyu/Documents/New project 4/data/raw/csv/us-energy-and-emissions-in-developing-countries.csv,reused cached raw response
2026-05-01T21:21:41.523284+00:00,page,https://kentclarkcenter.org/surveys/quarterly-earnings-2/,cache,403916,/Users/pradyu/Documents/New project 4/data/raw/page/quarterly-earnings-2.html,reused cached raw response
2026-05-01T21:21:41.593877+00:00,csv,https://kentclarkcenter.org/wp-content/uploads/2020/09/2019-02-07-Euro-EEP-Quarterly-Earnings.csv,cache,5241,/Users/pradyu/Documents/New project 4/data/raw/csv/europe-quarterly-earnings-2.csv,reused cached raw response
2026-05-01T21:21:41.595014+00:00,page,https://kentclarkcenter.org/surveys/quarterly-earnings/,cache,370763,/Users/pradyu/Documents/New project 4/data/raw/page/quarterly-earnings.html,reused cached raw response
2026-05-01T21:21:41.654710+00:00,csv,https://kentclarkcenter.org/wp-content/uploads/2020/12/2015-11-25-US-EEP-Quarterly-Earnings.csv,cache,4968,/Users/pradyu/Documents/New project 4/data/raw/csv/us-quarterly-earnings.csv,reused cached raw response
2026-05-01T21:21:41.655734+00:00,page,https://kentclarkcenter.org/surveys/inflation-and-the-fed/,cache,393352,/Users/pradyu/Documents/New project 4/data/raw/page/inflation-and-the-fed.html,reused cached raw response
2026-05-01T21:21:41.721561+00:00,csv,https://kentclarkcenter.org/wp-content/uploads/2025/09/2025-09-17-US-EEP-Inflation-and-the-Fed.csv,cache,6624,/Users/pradyu/Documents/New project 4/data/raw/csv/us-inflation-and-the-fed.csv,reused cached raw response
2026-05-01T21:21:41.722710+00:00,page,https://kentclarkcenter.org/surveys/export-restrictions/,cache,496725,/Users/pradyu/Documents/New project 4/data/raw/page/export-restrictions.html,reused cached raw response
2026-05-01T21:21:41.829628+00:00,csv,https://kentclarkcenter.org/wp-content/uploads/2025/09/2025-09-24-US-EEP-Export-Restrictions.csv,cache,7367,/Users/pradyu/Documents/New project 4/data/raw/csv/us-export-restrictions.csv,reused cached raw response
2026-05-01T21:21:41.831016+00:00,page,https://kentclarkcenter.org/surveys/inflation-and-central-bank-independence/,cache,486660,/Users/pradyu/Documents/New project 4/data/raw/page/inflation-and-central-bank-independence.html,reused cached raw response
2026-05-01T21:21:41.911301+00:00,csv,https://kentclarkcenter.org/wp-content/uploads/2025/09/2025-09-25-Euro-EEP-Inflation-and-Central-Bank-Independence.csv,cache,8253,/Users/pradyu/Documents/New project 4/data/raw/csv/europe-inflation-and-central-bank-independence.csv,reused cached raw response
2026-05-01T21:21:41.912812+00:00,page,https://kentclarkcenter.org/surveys/low-carbon-energy-rd/,cache,392602,/Users/pradyu/Documents/New project 4/data/raw/page/low-carbon-energy-rd.html,reused cached raw response
2026-05-01T21:21:41.971445+00:00,csv,https://kentclarkcenter.org/wp-content/uploads/2025/09/2025-10-01-US-EEP-Low-carbon-Energy-RD.csv,cache,6516,/Users/pradyu/Documents/New project 4/data/raw/csv/us-low-carbon-energy-rd.csv,reused cached raw response
2026-05-01T21:21:41.972618+00:00,page,https://kentclarkcenter.org/surveys/government-as-shareholder/,cache,353731,/Users/pradyu/Documents/New project 4/data/raw/page/government-as-shareholder.html,reused cached raw response
2026-05-01T21:21:42.022689+00:00,csv,https://kentclarkcenter.org/wp-content/uploads/2025/09/2025-10-01-Finance-Government-as-Shareholder.csv,cache,4783,/Users/pradyu/Documents/New project 4/data/raw/csv/finance-government-as-shareholder.csv,reused cached raw response
2026-05-01T21:21:42.023686+00:00,page,https://kentclarkcenter.org/surveys/frozen-assets-2/,cache,466602,/Users/pradyu/Documents/New project 4/data/raw/page/frozen-assets-2.html,reused cached raw response
2026-05-01T21:21:42.097977+00:00,csv,https://kentclarkcenter.org/wp-content/uploads/2025/10/2025-10-08-Euro-EEP-Frozen-Assets.csv,cache,6233,/Users/pradyu/Documents/New project 4/data/raw/csv/europe-frozen-assets-2.csv,reused cached raw response
2026-05-01T21:21:42.099362+00:00,page,https://kentclarkcenter.org/surveys/sustained-growth-2/,cache,396872,/Users/pradyu/Documents/New project 4/data/raw/page/sustained-growth-2.html,reused cached raw response
2026-05-01T21:21:42.158842+00:00,csv,https://kentclarkcenter.org/wp-content/uploads/2025/10/2025-10-22-US-EEP-Sustained-Growth.csv,cache,4169,/Users/pradyu/Documents/New project 4/data/raw/csv/us-sustained-growth-2.csv,reused cached raw response
2026-05-01T21:21:42.159819+00:00,page,https://kentclarkcenter.org/surveys/sustained-growth/,cache,385022,/Users/pradyu/Documents/New project 4/data/raw/page/sustained-growth.html,reused cached raw response
2026-05-01T21:21:42.242486+00:00,csv,https://kentclarkcenter.org/wp-content/uploads/2025/10/2025-10-22-Euro-EEP-Sustained-Growth.csv,cache,3601,/Users/pradyu/Documents/New project 4/data/raw/csv/europe-sustained-growth.csv,reused cached raw response
2026-05-01T21:21:42.243436+00:00,page,https://kentclarkcenter.org/surveys/corporate-practices-and-shareholder-value/,cache,352159,/Users/pradyu/Documents/New project 4/data/raw/page/corporate-practices-and-shareholder-value.html,reused cached raw response
2026-05-01T21:21:42.293149+00:00,csv,https://kentclarkcenter.org/wp-content/uploads/2025/10/2025-10-23-Finance-Corporate-Practices-and-Shareholder-Value.csv,cache,5595,/Users/pradyu/Documents/New project 4/data/raw/csv/finance-corporate-practices-and-shareholder-value.csv,reused cached raw response
2026-05-01T21:21:42.294185+00:00,page,https://kentclarkcenter.org/surveys/housing-in-new-york/,cache,502761,/Users/pradyu/Documents/New project 4/data/raw/page/housing-in-new-york.html,reused cached raw response
2026-05-01T21:21:42.381385+00:00,csv,https://kentclarkcenter.org/wp-content/uploads/2025/11/2025-11-12-US-EEP-Housing-in-New-York.csv,cache,6701,/Users/pradyu/Documents/New project 4/data/raw/csv/us-housing-in-new-york.csv,reused cached raw response
2026-05-01T21:21:42.382713+00:00,page,https://kentclarkcenter.org/surveys/low-carbon-energy-rd-2/,cache,404711,/Users/pradyu/Documents/New project 4/data/raw/page/low-carbon-energy-rd-2.html,reused cached raw response
2026-05-01T21:21:42.452154+00:00,csv,https://kentclarkcenter.org/wp-content/uploads/2025/11/2025-11-13-Euro-EEP-Low-carbon-Energy-RD.csv,cache,6138,/Users/pradyu/Documents/New project 4/data/raw/csv/europe-low-carbon-energy-rd-2.csv,reused cached raw response
2026-05-01T21:21:42.453289+00:00,page,https://kentclarkcenter.org/surveys/slr-and-systemic-risk/,cache,260156,/Users/pradyu/Documents/New project 4/data/raw/page/slr-and-systemic-risk.html,reused cached raw response
2026-05-01T21:21:42.484352+00:00,csv,https://kentclarkcenter.org/wp-content/uploads/2025/11/2025-11-13-Finance-SLR-and-Systemic-Risk.csv,cache,3333,/Users/pradyu/Documents/New project 4/data/raw/csv/finance-slr-and-systemic-risk.csv,reused cached raw response
2026-05-01T21:21:42.484925+00:00,page,https://kentclarkcenter.org/surveys/ai-growth-and-jobs/,cache,409833,/Users/pradyu/Documents/New project 4/data/raw/page/ai-growth-and-jobs.html,reused cached raw response
2026-05-01T21:21:42.558860+00:00,csv,https://kentclarkcenter.org/wp-content/uploads/2025/11/2025-12-02-Euro-EEP-AI-Growth-and-Jobs.csv,cache,5717,/Users/pradyu/Documents/New project 4/data/raw/csv/europe-ai-growth-and-jobs.csv,reused cached raw response
2026-05-01T21:21:42.559950+00:00,page,https://kentclarkcenter.org/surveys/ai-and-growth/,cache,290201,/Users/pradyu/Documents/New project 4/data/raw/page/ai-and-growth.html,reused cached raw response
2026-05-01T21:21:42.598697+00:00,csv,https://kentclarkcenter.org/wp-content/uploads/2025/11/2025-11-26-US-EEP-AI-and-Growth.csv,cache,3445,/Users/pradyu/Documents/New project 4/data/raw/csv/us-ai-and-growth.csv,reused cached raw response
2026-05-01T21:21:42.599307+00:00,page,https://kentclarkcenter.org/surveys/ukraine-peace-plans/,cache,383718,/Users/pradyu/Documents/New project 4/data/raw/page/ukraine-peace-plans.html,reused cached raw response
2026-05-01T21:21:42.664923+00:00,csv,https://kentclarkcenter.org/wp-content/uploads/2025/12/2025-12-10-US-EEP-Ukraine-Peace-Plans.csv,cache,5285,/Users/pradyu/Documents/New project 4/data/raw/csv/us-ukraine-peace-plans.csv,reused cached raw response
2026-05-01T21:21:42.665937+00:00,page,https://kentclarkcenter.org/surveys/trump-accounts/,cache,425603,/Users/pradyu/Documents/New project 4/data/raw/page/trump-accounts.html,reused cached raw response
2026-05-01T21:21:42.740054+00:00,csv,https://kentclarkcenter.org/wp-content/uploads/2025/12/2025-12-17-Finance-Trump-Accounts.csv,cache,6400,/Users/pradyu/Documents/New project 4/data/raw/csv/finance-trump-accounts.csv,reused cached raw response
2026-05-01T21:21:42.741247+00:00,page,https://kentclarkcenter.org/surveys/digital-privacy/,cache,534221,/Users/pradyu/Documents/New project 4/data/raw/page/digital-privacy.html,reused cached raw response
2026-05-01T21:21:42.844934+00:00,csv,https://kentclarkcenter.org/wp-content/uploads/2025/12/2025-12-17-Euro-EEP-Digital-Privacy.csv,cache,6513,/Users/pradyu/Documents/New project 4/data/raw/csv/europe-digital-privacy.csv,reused cached raw response
2026-05-01T21:21:42.846506+00:00,page,https://kentclarkcenter.org/surveys/venezuela/,cache,517028,/Users/pradyu/Documents/New project 4/data/raw/page/venezuela.html,reused cached raw response
2026-05-01T21:21:42.978024+00:00,csv,https://kentclarkcenter.org/wp-content/uploads/2026/01/2026-01-14-Euro-EEP-Venezuela.csv,cache,6987,/Users/pradyu/Documents/New project 4/data/raw/csv/europe-venezuela.csv,reused cached raw response
2026-05-01T21:21:42.979463+00:00,page,https://kentclarkcenter.org/surveys/venezuela-2/,cache,497641,/Users/pradyu/Documents/New project 4/data/raw/page/venezuela-2.html,reused cached raw response
2026-05-01T21:21:43.068951+00:00,csv,https://kentclarkcenter.org/wp-content/uploads/2026/01/2026-01-14-US-EEP-Venezuela.csv,cache,7307,/Users/pradyu/Documents/New project 4/data/raw/csv/us-venezuela-2.csv,reused cached raw response
2026-05-01T21:21:43.070279+00:00,page,https://kentclarkcenter.org/surveys/aca-subsidies/,cache,499871,/Users/pradyu/Documents/New project 4/data/raw/page/aca-subsidies.html,reused cached raw response
2026-05-01T21:21:43.155825+00:00,csv,https://kentclarkcenter.org/wp-content/uploads/2026/01/2026-01-29-US-EEP-ACA-Subsidies.csv,cache,5250,/Users/pradyu/Documents/New project 4/data/raw/csv/us-aca-subsidies.csv,reused cached raw response
2026-05-01T21:21:43.157271+00:00,page,https://kentclarkcenter.org/surveys/digital-euro/,cache,402643,/Users/pradyu/Documents/New project 4/data/raw/page/digital-euro.html,reused cached raw response
2026-05-01T21:21:43.217671+00:00,csv,https://kentclarkcenter.org/wp-content/uploads/2026/02/2026-02-05-Euro-EEP-Digital-Euro.csv,cache,5436,/Users/pradyu/Documents/New project 4/data/raw/csv/europe-digital-euro.csv,reused cached raw response
2026-05-01T21:21:43.218808+00:00,page,https://kentclarkcenter.org/surveys/housing-affordability/,cache,468423,/Users/pradyu/Documents/New project 4/data/raw/page/housing-affordability.html,reused cached raw response
2026-05-01T21:21:43.294881+00:00,csv,https://kentclarkcenter.org/wp-content/uploads/2026/01/2026-01-29-Finance-Housing-Affordability.csv,cache,11690,/Users/pradyu/Documents/New project 4/data/raw/csv/finance-housing-affordability.csv,reused cached raw response
2026-05-01T21:21:43.296279+00:00,page,https://kentclarkcenter.org/surveys/housing-affordability-2/,cache,383520,/Users/pradyu/Documents/New project 4/data/raw/page/housing-affordability-2.html,reused cached raw response
2026-05-01T21:21:43.384034+00:00,csv,https://kentclarkcenter.org/wp-content/uploads/2026/02/2026-02-11-US-EEP-Housing-Affordability.csv,cache,4367,/Users/pradyu/Documents/New project 4/data/raw/csv/us-housing-affordability-2.csv,reused cached raw response
2026-05-01T21:21:43.384989+00:00,page,https://kentclarkcenter.org/surveys/interest-bearing-stablecoins/,cache,280083,/Users/pradyu/Documents/New project 4/data/raw/page/interest-bearing-stablecoins.html,reused cached raw response
2026-05-01T21:21:43.420370+00:00,csv,https://kentclarkcenter.org/wp-content/uploads/2026/02/2026-02-17-Finance-Interest-Bearing-Stablecoins.csv,cache,4862,/Users/pradyu/Documents/New project 4/data/raw/csv/finance-interest-bearing-stablecoins.csv,reused cached raw response
2026-05-01T21:21:43.421006+00:00,page,https://kentclarkcenter.org/surveys/emissions-regulation-2/,cache,517036,/Users/pradyu/Documents/New project 4/data/raw/page/emissions-regulation-2.html,reused cached raw response
2026-05-01T21:21:43.513087+00:00,csv,https://kentclarkcenter.org/wp-content/uploads/2026/02/2026-02-26-Euro-EEP-Emissions-Regulation.csv,cache,7361,/Users/pradyu/Documents/New project 4/data/raw/csv/europe-emissions-regulation-2.csv,reused cached raw response
2026-05-01T21:21:43.514643+00:00,page,https://kentclarkcenter.org/surveys/emissions-regulation/,cache,502384,/Users/pradyu/Documents/New project 4/data/raw/page/emissions-regulation.html,reused cached raw response
2026-05-01T21:21:43.607552+00:00,csv,https://kentclarkcenter.org/wp-content/uploads/2026/02/2026-02-26-US-EEP-Emissions-Regulation.csv,cache,9456,/Users/pradyu/Documents/New project 4/data/raw/csv/us-emissions-regulation.csv,reused cached raw response
2026-05-01T21:21:43.609109+00:00,page,https://kentclarkcenter.org/surveys/quarterly-earnings-3/,cache,360118,/Users/pradyu/Documents/New project 4/data/raw/page/quarterly-earnings-3.html,reused cached raw response
2026-05-01T21:21:43.665665+00:00,csv,https://kentclarkcenter.org/wp-content/uploads/2024/06/2024-06-20-Finance-Quarterly-Earnings.csv,cache,6779,/Users/pradyu/Documents/New project 4/data/raw/csv/finance-quarterly-earnings-3.csv,reused cached raw response
2026-05-01T21:21:43.666582+00:00,page,https://kentclarkcenter.org/surveys/gas-prices/,cache,496977,/Users/pradyu/Documents/New project 4/data/raw/page/gas-prices.html,reused cached raw response
2026-05-01T21:21:43.758017+00:00,csv,https://kentclarkcenter.org/wp-content/uploads/2026/03/2026-03-17-US-EEP-Gas-Prices.csv,cache,9185,/Users/pradyu/Documents/New project 4/data/raw/csv/us-gas-prices.csv,reused cached raw response
2026-05-01T21:21:43.759418+00:00,page,https://kentclarkcenter.org/surveys/energy-prices/,cache,538310,/Users/pradyu/Documents/New project 4/data/raw/page/energy-prices.html,reused cached raw response
2026-05-01T21:21:43.862933+00:00,csv,https://kentclarkcenter.org/wp-content/uploads/2026/03/2026-03-18-Euro-EEP-Energy-Prices.csv,cache,8740,/Users/pradyu/Documents/New project 4/data/raw/csv/europe-energy-prices.csv,reused cached raw response
2026-05-01T21:21:43.864475+00:00,page,https://kentclarkcenter.org/surveys/the-jones-act/,cache,486212,/Users/pradyu/Documents/New project 4/data/raw/page/the-jones-act.html,reused cached raw response
2026-05-01T21:21:43.953900+00:00,csv,https://kentclarkcenter.org/wp-content/uploads/2026/03/2026-03-25-US-EEP-The-Jones-Act.csv,cache,8252,/Users/pradyu/Documents/New project 4/data/raw/csv/us-the-jones-act.csv,reused cached raw response
2026-05-01T21:21:43.955328+00:00,page,https://kentclarkcenter.org/surveys/private-credit-funds/,cache,377342,/Users/pradyu/Documents/New project 4/data/raw/page/private-credit-funds.html,reused cached raw response
2026-05-01T21:21:44.025079+00:00,csv,https://kentclarkcenter.org/wp-content/uploads/2026/03/2026-03-25-Finance-Private-Credit-Funds.csv,cache,8921,/Users/pradyu/Documents/New project 4/data/raw/csv/finance-private-credit-funds.csv,reused cached raw response
2026-05-01T21:21:44.026121+00:00,page,https://kentclarkcenter.org/surveys/ai-and-stock-prices/,cache,275100,/Users/pradyu/Documents/New project 4/data/raw/page/ai-and-stock-prices.html,reused cached raw response
2026-05-01T21:21:44.060692+00:00,csv,https://kentclarkcenter.org/wp-content/uploads/2026/03/2026-03-05-Finance-AI-and-Stock-Prices.csv,cache,4384,/Users/pradyu/Documents/New project 4/data/raw/csv/finance-ai-and-stock-prices.csv,reused cached raw response
2026-05-01T21:21:44.061345+00:00,page,https://kentclarkcenter.org/surveys/initial-public-offerings-and-index-inclusion/,cache,379218,/Users/pradyu/Documents/New project 4/data/raw/page/initial-public-offerings-and-index-inclusion.html,reused cached raw response
2026-05-01T21:21:44.117057+00:00,csv,https://kentclarkcenter.org/wp-content/uploads/2026/04/2026-04-09-Finance-Initial-Public-Offerings-and-Index-Inclusion.csv,cache,6494,/Users/pradyu/Documents/New project 4/data/raw/csv/finance-initial-public-offerings-and-index-inclusion.csv,reused cached raw response
2026-05-01T21:21:44.118065+00:00,page,https://kentclarkcenter.org/surveys/european-preference/,cache,401533,/Users/pradyu/Documents/New project 4/data/raw/page/european-preference.html,reused cached raw response
2026-05-01T21:21:44.180581+00:00,csv,https://kentclarkcenter.org/wp-content/uploads/2026/04/2026-04-10-Euro-EEP-European-Preference.csv,cache,5942,/Users/pradyu/Documents/New project 4/data/raw/csv/europe-european-preference.csv,reused cached raw response
2026-05-01T21:21:44.181767+00:00,page,https://kentclarkcenter.org/surveys/science-funding/,cache,396075,/Users/pradyu/Documents/New project 4/data/raw/page/science-funding.html,reused cached raw response
2026-05-01T21:21:44.242968+00:00,csv,https://kentclarkcenter.org/wp-content/uploads/2026/04/2026-04-15-US-EEP-Science-Funding.csv,cache,6658,/Users/pradyu/Documents/New project 4/data/raw/csv/us-science-funding.csv,reused cached raw response
2026-05-01T21:21:44.244058+00:00,page,https://kentclarkcenter.org/surveys/prediction-markets/,cache,377814,/Users/pradyu/Documents/New project 4/data/raw/page/prediction-markets.html,reused cached raw response
2026-05-01T21:21:44.299778+00:00,csv,https://kentclarkcenter.org/wp-content/uploads/2026/04/2026-04-24-Finance-Prediction-Markets.csv,cache,7399,/Users/pradyu/Documents/New project 4/data/raw/csv/finance-prediction-markets.csv,reused cached raw response
2026-05-01T21:21:44.300752+00:00,page,https://kentclarkcenter.org/surveys-special/factors-contributing-to-the-2008-global-financial-crisis-2/,cache,252921,/Users/pradyu/Documents/New project 4/data/raw/page/factors-contributing-to-the-2008-global-financial-crisis-2.html,reused cached raw response
2026-05-01T21:21:44.358393+00:00,page,https://kentclarkcenter.org/surveys-special/factors-contributing-to-the-2008-global-financial-crisis/,cache,243266,/Users/pradyu/Documents/New project 4/data/raw/page/factors-contributing-to-the-2008-global-financial-crisis.html,reused cached raw response
